date_releve,type_financement,marque,modele,nb_total,nb_electrique,proportion_electrique
2026-07-09T14:57:18,leasing,AUDI,A3 SPORTBACK,8,0,0.0
2026-07-09T14:57:18,leasing,AUDI,Q5,1,0,0.0
2026-07-09T14:57:18,leasing,BMW,IX3,1,1,1.0
2026-07-09T14:57:18,leasing,BMW,SERIE 1,10,0,0.0
2026-07-09T14:57:18,leasing,BMW,SERIE 2,1,0,0.0
2026-07-09T14:57:18,leasing,BMW,SERIE 2 ACTIVE TOURE,1,0,0.0
2026-07-09T14:57:18,leasing,BMW,SERIE 3,1,0,0.0
2026-07-09T14:57:18,leasing,BMW,SERIE 4 GC,2,0,0.0
2026-07-09T14:57:18,leasing,BMW,X1,10,0,0.0
2026-07-09T14:57:18,leasing,BMW,X2,2,0,0.0
2026-07-09T14:57:18,leasing,BMW,X3,4,0,0.0
2026-07-09T14:57:18,leasing,CITROEN,BERLINGO,9,0,0.0
2026-07-09T14:57:18,leasing,CITROEN,C3,11,0,0.0
2026-07-09T14:57:18,leasing,CITROEN,C3 AIRCROSS,8,0,0.0
2026-07-09T14:57:18,leasing,CITROEN,C4,3,0,0.0
2026-07-09T14:57:18,leasing,CITROEN,C5 AIRCROSS,12,0,0.0
2026-07-09T14:57:18,leasing,CITROEN,C5 X,5,0,0.0
2026-07-09T14:57:18,leasing,CITROEN,GRAND C4 SPACETOURER,1,0,0.0
2026-07-09T14:57:18,leasing,CITROEN,JUMPER,1,0,0.0
2026-07-09T14:57:18,leasing,CITROEN,JUMPY,5,0,0.0
2026-07-09T14:57:18,leasing,DACIA,SANDERO,1,0,0.0
2026-07-09T14:57:18,leasing,DS,DS3,1,0,0.0
2026-07-09T14:57:18,leasing,DS,DS3 CROSSBACK,3,2,0.6667
2026-07-09T14:57:18,leasing,DS,DS4,1,0,0.0
2026-07-09T14:57:18,leasing,DS,DS7,2,0,0.0
2026-07-09T14:57:18,leasing,FIAT,500,3,0,0.0
2026-07-09T14:57:18,leasing,FORD,KUGA,8,0,0.0
2026-07-09T14:57:18,leasing,FORD,PUMA,3,0,0.0
2026-07-09T14:57:18,leasing,HYUNDAI,IONIQ,1,1,1.0
2026-07-09T14:57:18,leasing,HYUNDAI,TUCSON,13,0,0.0
2026-07-09T14:57:18,leasing,JEEP,AVENGER,2,2,1.0
2026-07-09T14:57:18,leasing,KIA,CEED,5,0,0.0
2026-07-09T14:57:18,leasing,KIA,E-NIRO,1,1,1.0
2026-07-09T14:57:18,leasing,KIA,EV6,1,1,1.0
2026-07-09T14:57:18,leasing,KIA,NIRO EV,5,5,1.0
2026-07-09T14:57:18,leasing,KIA,PROCEED,1,0,0.0
2026-07-09T14:57:18,leasing,KIA,SPORTAGE,9,0,0.0
2026-07-09T14:57:18,leasing,KIA,STONIC,14,0,0.0
2026-07-09T14:57:18,leasing,KIA,XCEED,1,0,0.0
2026-07-09T14:57:18,leasing,MAZDA,CX-5,1,0,0.0
2026-07-09T14:57:18,leasing,MERCEDES-BENZ,CLA COUPE,1,0,0.0
2026-07-09T14:57:18,leasing,MERCEDES-BENZ,CLASSE A,4,0,0.0
2026-07-09T14:57:18,leasing,MERCEDES-BENZ,CLASSE CLA,2,0,0.0
2026-07-09T14:57:18,leasing,MINI,COUNTRYMAN,3,0,0.0
2026-07-09T14:57:18,leasing,NISSAN,QASHQAI,7,0,0.0
2026-07-09T14:57:18,leasing,NISSAN,X-TRAIL,2,0,0.0
2026-07-09T14:57:18,leasing,OPEL,ASTRA,1,0,0.0
2026-07-09T14:57:18,leasing,OPEL,CORSA,4,0,0.0
2026-07-09T14:57:18,leasing,OPEL,CROSSLAND,3,0,0.0
2026-07-09T14:57:18,leasing,OPEL,E-CORSA,1,1,1.0
2026-07-09T14:57:18,leasing,OPEL,GRANDLAND,2,0,0.0
2026-07-09T14:57:18,leasing,PEUGEOT,2008,29,0,0.0
2026-07-09T14:57:18,leasing,PEUGEOT,208,9,0,0.0
2026-07-09T14:57:18,leasing,PEUGEOT,3008,46,0,0.0
2026-07-09T14:57:18,leasing,PEUGEOT,308,9,0,0.0
2026-07-09T14:57:18,leasing,PEUGEOT,308 SW,5,0,0.0
2026-07-09T14:57:18,leasing,PEUGEOT,408,1,0,0.0
2026-07-09T14:57:18,leasing,PEUGEOT,5008,23,0,0.0
2026-07-09T14:57:18,leasing,PEUGEOT,E-2008,7,7,1.0
2026-07-09T14:57:18,leasing,PEUGEOT,EXPERT,5,0,0.0
2026-07-09T14:57:18,leasing,PEUGEOT,PARTNER,8,0,0.0
2026-07-09T14:57:18,leasing,RENAULT,ARKANA,14,0,0.0
2026-07-09T14:57:18,leasing,RENAULT,AUSTRAL,6,0,0.0
2026-07-09T14:57:18,leasing,RENAULT,CAPTUR,19,0,0.0
2026-07-09T14:57:18,leasing,RENAULT,CLIO,20,0,0.0
2026-07-09T14:57:18,leasing,RENAULT,ESPACE,2,0,0.0
2026-07-09T14:57:18,leasing,RENAULT,EXPRESS,24,0,0.0
2026-07-09T14:57:18,leasing,RENAULT,KADJAR,1,0,0.0
2026-07-09T14:57:18,leasing,RENAULT,KANGOO,4,0,0.0
2026-07-09T14:57:18,leasing,RENAULT,KANGOO EXPRESS,1,0,0.0
2026-07-09T14:57:18,leasing,RENAULT,MASTER,1,0,0.0
2026-07-09T14:57:18,leasing,RENAULT,MEGANE,19,0,0.0
2026-07-09T14:57:18,leasing,RENAULT,SCENIC,7,0,0.0
2026-07-09T14:57:18,leasing,RENAULT,TRAFIC,10,0,0.0
2026-07-09T14:57:18,leasing,SEAT,ARONA,1,0,0.0
2026-07-09T14:57:18,leasing,SEAT,TARRACO,1,0,0.0
2026-07-09T14:57:18,leasing,SKODA,FABIA,6,0,0.0
2026-07-09T14:57:18,leasing,SKODA,KAMIQ,6,0,0.0
2026-07-09T14:57:18,leasing,SKODA,KAROQ,2,0,0.0
2026-07-09T14:57:18,leasing,SKODA,KODIAQ,4,0,0.0
2026-07-09T14:57:18,leasing,SUZUKI,VITARA,1,0,0.0
2026-07-09T14:57:18,leasing,TESLA,MODEL 3,5,5,1.0
2026-07-09T14:57:18,leasing,TESLA,MODEL Y,5,5,1.0
2026-07-09T14:57:18,leasing,TOYOTA,AYGO X,3,0,0.0
2026-07-09T14:57:18,leasing,TOYOTA,C-HR,5,0,0.0
2026-07-09T14:57:18,leasing,TOYOTA,COROLLA,3,0,0.0
2026-07-09T14:57:18,leasing,TOYOTA,COROLLA TS,7,0,0.0
2026-07-09T14:57:18,leasing,TOYOTA,PROACE CITY,1,0,0.0
2026-07-09T14:57:18,leasing,TOYOTA,RAV4 HSD,4,0,0.0
2026-07-09T14:57:18,leasing,TOYOTA,RAV4 PLUG IN,5,0,0.0
2026-07-09T14:57:18,leasing,TOYOTA,YARIS,4,0,0.0
2026-07-09T14:57:18,leasing,TOYOTA,YARIS CROSS,1,0,0.0
2026-07-09T14:57:18,leasing,TOYOTA,YARIS HYBRID,3,0,0.0
2026-07-09T14:57:18,leasing,VOLKSWAGEN,GOLF,12,0,0.0
2026-07-09T14:57:18,leasing,VOLKSWAGEN,POLO,4,0,0.0
2026-07-09T14:57:18,leasing,VOLKSWAGEN,T-ROC,5,0,0.0
2026-07-09T14:57:18,leasing,VOLKSWAGEN,TAIGO,1,0,0.0
2026-07-09T14:57:18,leasing,VOLKSWAGEN,TIGUAN,1,0,0.0
2026-07-09T14:57:18,leasing,VOLKSWAGEN,TOURAN,3,0,0.0
2026-07-09T14:57:18,leasing,VOLKSWAGEN,TRANSPORTER,1,0,0.0
2026-07-09T14:57:18,cash,AUDI,A3 SPORTBACK,9,0,0.0
2026-07-09T14:57:18,cash,AUDI,Q5,1,0,0.0
2026-07-09T14:57:18,cash,BMW,IX3,1,1,1.0
2026-07-09T14:57:18,cash,BMW,SERIE 1,10,0,0.0
2026-07-09T14:57:18,cash,BMW,SERIE 2,1,0,0.0
2026-07-09T14:57:18,cash,BMW,SERIE 2 ACTIVE TOURE,1,0,0.0
2026-07-09T14:57:18,cash,BMW,SERIE 3,1,0,0.0
2026-07-09T14:57:18,cash,BMW,SERIE 4 GC,2,0,0.0
2026-07-09T14:57:18,cash,BMW,X1,13,0,0.0
2026-07-09T14:57:18,cash,BMW,X2,2,0,0.0
2026-07-09T14:57:18,cash,BMW,X3,5,0,0.0
2026-07-09T14:57:18,cash,BMW,X5,1,0,0.0
2026-07-09T14:57:18,cash,CITROEN,BERLINGO,11,0,0.0
2026-07-09T14:57:18,cash,CITROEN,C3,15,0,0.0
2026-07-09T14:57:18,cash,CITROEN,C3 AIRCROSS,8,0,0.0
2026-07-09T14:57:18,cash,CITROEN,C4,3,0,0.0
2026-07-09T14:57:18,cash,CITROEN,C4 SPACETOURER,1,0,0.0
2026-07-09T14:57:18,cash,CITROEN,C5 AIRCROSS,12,0,0.0
2026-07-09T14:57:18,cash,CITROEN,C5 X,5,0,0.0
2026-07-09T14:57:18,cash,CITROEN,E-C4,1,1,1.0
2026-07-09T14:57:18,cash,CITROEN,GRAND C4 SPACETOURER,1,0,0.0
2026-07-09T14:57:18,cash,CITROEN,JUMPER,1,0,0.0
2026-07-09T14:57:18,cash,CITROEN,JUMPY,6,0,0.0
2026-07-09T14:57:18,cash,DACIA,SANDERO,1,0,0.0
2026-07-09T14:57:18,cash,DS,DS3,1,0,0.0
2026-07-09T14:57:18,cash,DS,DS3 CROSSBACK,3,2,0.6667
2026-07-09T14:57:18,cash,DS,DS4,1,0,0.0
2026-07-09T14:57:18,cash,DS,DS7,2,0,0.0
2026-07-09T14:57:18,cash,FIAT,500,3,0,0.0
2026-07-09T14:57:18,cash,FORD,KUGA,9,0,0.0
2026-07-09T14:57:18,cash,FORD,PUMA,4,0,0.0
2026-07-09T14:57:18,cash,FORD,TRANSIT CUSTOM,1,0,0.0
2026-07-09T14:57:18,cash,HYUNDAI,IONIQ,1,1,1.0
2026-07-09T14:57:18,cash,HYUNDAI,TUCSON,13,0,0.0
2026-07-09T14:57:18,cash,JEEP,AVENGER,2,2,1.0
2026-07-09T14:57:18,cash,KIA,CEED,5,0,0.0
2026-07-09T14:57:18,cash,KIA,E-NIRO,1,1,1.0
2026-07-09T14:57:18,cash,KIA,EV6,1,1,1.0
2026-07-09T14:57:18,cash,KIA,NIRO EV,7,7,1.0
2026-07-09T14:57:18,cash,KIA,PROCEED,1,0,0.0
2026-07-09T14:57:18,cash,KIA,SPORTAGE,11,0,0.0
2026-07-09T14:57:18,cash,KIA,STONIC,14,0,0.0
2026-07-09T14:57:18,cash,KIA,XCEED,1,0,0.0
2026-07-09T14:57:18,cash,MAZDA,CX-5,1,0,0.0
2026-07-09T14:57:18,cash,MAZDA,MAZDA3,1,0,0.0
2026-07-09T14:57:18,cash,MERCEDES-BENZ,CLA COUPE,1,0,0.0
2026-07-09T14:57:18,cash,MERCEDES-BENZ,CLASSE A,6,0,0.0
2026-07-09T14:57:18,cash,MERCEDES-BENZ,CLASSE CLA,2,0,0.0
2026-07-09T14:57:18,cash,MERCEDES-BENZ,GLB,1,0,0.0
2026-07-09T14:57:18,cash,MERCEDES-BENZ,GLC COUPE,1,0,0.0
2026-07-09T14:57:18,cash,MINI,COUNTRYMAN,3,0,0.0
2026-07-09T14:57:18,cash,MINI,MINI,2,0,0.0
2026-07-09T14:57:18,cash,NISSAN,QASHQAI,8,0,0.0
2026-07-09T14:57:18,cash,NISSAN,X-TRAIL,2,0,0.0
2026-07-09T14:57:18,cash,OPEL,ASTRA,1,0,0.0
2026-07-09T14:57:18,cash,OPEL,CORSA,4,0,0.0
2026-07-09T14:57:18,cash,OPEL,CROSSLAND,3,0,0.0
2026-07-09T14:57:18,cash,OPEL,E-CORSA,1,1,1.0
2026-07-09T14:57:18,cash,OPEL,GRANDLAND,2,0,0.0
2026-07-09T14:57:18,cash,OPEL,GRANDLAND X,1,0,0.0
2026-07-09T14:57:18,cash,PEUGEOT,108,1,0,0.0
2026-07-09T14:57:18,cash,PEUGEOT,2008,33,0,0.0
2026-07-09T14:57:18,cash,PEUGEOT,208,12,0,0.0
2026-07-09T14:57:18,cash,PEUGEOT,3008,55,0,0.0
2026-07-09T14:57:18,cash,PEUGEOT,308,10,0,0.0
2026-07-09T14:57:18,cash,PEUGEOT,308 SW,5,0,0.0
2026-07-09T14:57:18,cash,PEUGEOT,408,1,0,0.0
2026-07-09T14:57:18,cash,PEUGEOT,5008,25,0,0.0
2026-07-09T14:57:18,cash,PEUGEOT,E-2008,7,7,1.0
2026-07-09T14:57:18,cash,PEUGEOT,E-208,2,2,1.0
2026-07-09T14:57:18,cash,PEUGEOT,E-308,1,1,1.0
2026-07-09T14:57:18,cash,PEUGEOT,EXPERT,6,0,0.0
2026-07-09T14:57:18,cash,PEUGEOT,PARTNER,10,0,0.0
2026-07-09T14:57:18,cash,RENAULT,ARKANA,14,0,0.0
2026-07-09T14:57:18,cash,RENAULT,AUSTRAL,6,0,0.0
2026-07-09T14:57:18,cash,RENAULT,CAPTUR,23,0,0.0
2026-07-09T14:57:18,cash,RENAULT,CLIO,27,0,0.0
2026-07-09T14:57:18,cash,RENAULT,ESPACE,2,0,0.0
2026-07-09T14:57:18,cash,RENAULT,EXPRESS,24,0,0.0
2026-07-09T14:57:18,cash,RENAULT,KADJAR,2,0,0.0
2026-07-09T14:57:18,cash,RENAULT,KANGOO,4,0,0.0
2026-07-09T14:57:18,cash,RENAULT,KANGOO EXPRESS,1,0,0.0
2026-07-09T14:57:18,cash,RENAULT,MASTER,1,0,0.0
2026-07-09T14:57:18,cash,RENAULT,MEGANE,26,0,0.0
2026-07-09T14:57:18,cash,RENAULT,SCENIC,7,0,0.0
2026-07-09T14:57:18,cash,RENAULT,TRAFIC,10,0,0.0
2026-07-09T14:57:18,cash,RENAULT,TWINGO,1,0,0.0
2026-07-09T14:57:18,cash,SEAT,ARONA,1,0,0.0
2026-07-09T14:57:18,cash,SEAT,TARRACO,1,0,0.0
2026-07-09T14:57:18,cash,SKODA,FABIA,6,0,0.0
2026-07-09T14:57:18,cash,SKODA,KAMIQ,6,0,0.0
2026-07-09T14:57:18,cash,SKODA,KAROQ,2,0,0.0
2026-07-09T14:57:18,cash,SKODA,KODIAQ,4,0,0.0
2026-07-09T14:57:18,cash,SMART,1,1,1,1.0
2026-07-09T14:57:18,cash,SUZUKI,VITARA,1,0,0.0
2026-07-09T14:57:18,cash,TESLA,MODEL 3,6,6,1.0
2026-07-09T14:57:18,cash,TESLA,MODEL Y,5,5,1.0
2026-07-09T14:57:18,cash,TOYOTA,AYGO X,3,0,0.0
2026-07-09T14:57:18,cash,TOYOTA,C-HR,6,0,0.0
2026-07-09T14:57:18,cash,TOYOTA,COROLLA,4,0,0.0
2026-07-09T14:57:18,cash,TOYOTA,COROLLA TS,7,0,0.0
2026-07-09T14:57:18,cash,TOYOTA,PROACE CITY,1,0,0.0
2026-07-09T14:57:18,cash,TOYOTA,RAV4 HSD,4,0,0.0
2026-07-09T14:57:18,cash,TOYOTA,RAV4 PLUG IN,5,0,0.0
2026-07-09T14:57:18,cash,TOYOTA,YARIS,4,0,0.0
2026-07-09T14:57:18,cash,TOYOTA,YARIS CROSS,1,0,0.0
2026-07-09T14:57:18,cash,TOYOTA,YARIS HYBRID,3,0,0.0
2026-07-09T14:57:18,cash,VOLKSWAGEN,GOLF,13,0,0.0
2026-07-09T14:57:18,cash,VOLKSWAGEN,POLO,4,0,0.0
2026-07-09T14:57:18,cash,VOLKSWAGEN,T-ROC,7,0,0.0
2026-07-09T14:57:18,cash,VOLKSWAGEN,TAIGO,2,0,0.0
2026-07-09T14:57:18,cash,VOLKSWAGEN,TIGUAN,2,0,0.0
2026-07-09T14:57:18,cash,VOLKSWAGEN,TIGUAN ALLSPACE,2,0,0.0
2026-07-09T14:57:18,cash,VOLKSWAGEN,TOURAN,3,0,0.0
2026-07-09T14:57:18,cash,VOLKSWAGEN,TRANSPORTER,1,0,0.0
2026-07-10T08:42:00,leasing,AUDI,A3 SPORTBACK,8,0,0.0
2026-07-10T08:42:00,leasing,AUDI,Q5,2,0,0.0
2026-07-10T08:42:00,leasing,BMW,IX3,1,1,1.0
2026-07-10T08:42:00,leasing,BMW,SERIE 1,10,0,0.0
2026-07-10T08:42:00,leasing,BMW,SERIE 2,1,0,0.0
2026-07-10T08:42:00,leasing,BMW,SERIE 2 ACTIVE TOURE,1,0,0.0
2026-07-10T08:42:00,leasing,BMW,SERIE 3,1,0,0.0
2026-07-10T08:42:00,leasing,BMW,SERIE 4 GC,2,0,0.0
2026-07-10T08:42:00,leasing,BMW,X1,12,0,0.0
2026-07-10T08:42:00,leasing,BMW,X2,2,0,0.0
2026-07-10T08:42:00,leasing,BMW,X3,4,0,0.0
2026-07-10T08:42:00,leasing,CITROEN,BERLINGO,9,0,0.0
2026-07-10T08:42:00,leasing,CITROEN,C3,11,0,0.0
2026-07-10T08:42:00,leasing,CITROEN,C3 AIRCROSS,9,0,0.0
2026-07-10T08:42:00,leasing,CITROEN,C4,3,0,0.0
2026-07-10T08:42:00,leasing,CITROEN,C5 AIRCROSS,12,0,0.0
2026-07-10T08:42:00,leasing,CITROEN,C5 X,5,0,0.0
2026-07-10T08:42:00,leasing,CITROEN,GRAND C4 SPACETOURER,1,0,0.0
2026-07-10T08:42:00,leasing,CITROEN,JUMPER,1,0,0.0
2026-07-10T08:42:00,leasing,CITROEN,JUMPY,5,0,0.0
2026-07-10T08:42:00,leasing,DACIA,SANDERO,1,0,0.0
2026-07-10T08:42:00,leasing,DS,DS3,1,0,0.0
2026-07-10T08:42:00,leasing,DS,DS3 CROSSBACK,3,2,0.6667
2026-07-10T08:42:00,leasing,DS,DS4,1,0,0.0
2026-07-10T08:42:00,leasing,DS,DS7,2,0,0.0
2026-07-10T08:42:00,leasing,FIAT,500,3,0,0.0
2026-07-10T08:42:00,leasing,FORD,KUGA,8,0,0.0
2026-07-10T08:42:00,leasing,FORD,PUMA,3,0,0.0
2026-07-10T08:42:00,leasing,HYUNDAI,IONIQ,1,1,1.0
2026-07-10T08:42:00,leasing,HYUNDAI,TUCSON,13,0,0.0
2026-07-10T08:42:00,leasing,JEEP,AVENGER,2,2,1.0
2026-07-10T08:42:00,leasing,KIA,CEED,6,0,0.0
2026-07-10T08:42:00,leasing,KIA,E-NIRO,1,1,1.0
2026-07-10T08:42:00,leasing,KIA,EV6,1,1,1.0
2026-07-10T08:42:00,leasing,KIA,NIRO EV,6,6,1.0
2026-07-10T08:42:00,leasing,KIA,PROCEED,1,0,0.0
2026-07-10T08:42:00,leasing,KIA,SPORTAGE,10,0,0.0
2026-07-10T08:42:00,leasing,KIA,STONIC,14,0,0.0
2026-07-10T08:42:00,leasing,KIA,XCEED,1,0,0.0
2026-07-10T08:42:00,leasing,MAZDA,CX-5,1,0,0.0
2026-07-10T08:42:00,leasing,MERCEDES-BENZ,CLA COUPE,1,0,0.0
2026-07-10T08:42:00,leasing,MERCEDES-BENZ,CLASSE A,4,0,0.0
2026-07-10T08:42:00,leasing,MERCEDES-BENZ,CLASSE CLA,2,0,0.0
2026-07-10T08:42:00,leasing,MERCEDES-BENZ,GLC COUPE,1,0,0.0
2026-07-10T08:42:00,leasing,MINI,COUNTRYMAN,2,0,0.0
2026-07-10T08:42:00,leasing,NISSAN,QASHQAI,8,0,0.0
2026-07-10T08:42:00,leasing,NISSAN,X-TRAIL,2,0,0.0
2026-07-10T08:42:00,leasing,OPEL,ASTRA,1,0,0.0
2026-07-10T08:42:00,leasing,OPEL,CORSA,4,0,0.0
2026-07-10T08:42:00,leasing,OPEL,CROSSLAND,3,0,0.0
2026-07-10T08:42:00,leasing,OPEL,E-CORSA,1,1,1.0
2026-07-10T08:42:00,leasing,OPEL,GRANDLAND,2,0,0.0
2026-07-10T08:42:00,leasing,PEUGEOT,2008,30,0,0.0
2026-07-10T08:42:00,leasing,PEUGEOT,208,9,0,0.0
2026-07-10T08:42:00,leasing,PEUGEOT,3008,49,0,0.0
2026-07-10T08:42:00,leasing,PEUGEOT,308,10,0,0.0
2026-07-10T08:42:00,leasing,PEUGEOT,308 SW,5,0,0.0
2026-07-10T08:42:00,leasing,PEUGEOT,5008,23,0,0.0
2026-07-10T08:42:00,leasing,PEUGEOT,E-2008,7,7,1.0
2026-07-10T08:42:00,leasing,PEUGEOT,EXPERT,6,0,0.0
2026-07-10T08:42:00,leasing,PEUGEOT,PARTNER,7,0,0.0
2026-07-10T08:42:00,leasing,RENAULT,ARKANA,14,0,0.0
2026-07-10T08:42:00,leasing,RENAULT,AUSTRAL,5,0,0.0
2026-07-10T08:42:00,leasing,RENAULT,CAPTUR,21,0,0.0
2026-07-10T08:42:00,leasing,RENAULT,CLIO,21,0,0.0
2026-07-10T08:42:00,leasing,RENAULT,ESPACE,1,0,0.0
2026-07-10T08:42:00,leasing,RENAULT,EXPRESS,24,0,0.0
2026-07-10T08:42:00,leasing,RENAULT,KADJAR,1,0,0.0
2026-07-10T08:42:00,leasing,RENAULT,KANGOO,4,0,0.0
2026-07-10T08:42:00,leasing,RENAULT,KANGOO EXPRESS,1,0,0.0
2026-07-10T08:42:00,leasing,RENAULT,MASTER,1,0,0.0
2026-07-10T08:42:00,leasing,RENAULT,MEGANE,19,0,0.0
2026-07-10T08:42:00,leasing,RENAULT,MEGANE E-TECH,1,1,1.0
2026-07-10T08:42:00,leasing,RENAULT,SCENIC,7,0,0.0
2026-07-10T08:42:00,leasing,RENAULT,TRAFIC,10,0,0.0
2026-07-10T08:42:00,leasing,SEAT,ARONA,1,0,0.0
2026-07-10T08:42:00,leasing,SEAT,TARRACO,1,0,0.0
2026-07-10T08:42:00,leasing,SKODA,FABIA,6,0,0.0
2026-07-10T08:42:00,leasing,SKODA,KAMIQ,6,0,0.0
2026-07-10T08:42:00,leasing,SKODA,KAROQ,2,0,0.0
2026-07-10T08:42:00,leasing,SKODA,KODIAQ,4,0,0.0
2026-07-10T08:42:00,leasing,SUZUKI,VITARA,1,0,0.0
2026-07-10T08:42:00,leasing,TESLA,MODEL 3,5,5,1.0
2026-07-10T08:42:00,leasing,TESLA,MODEL Y,7,7,1.0
2026-07-10T08:42:00,leasing,TOYOTA,AYGO X,3,0,0.0
2026-07-10T08:42:00,leasing,TOYOTA,C-HR,5,0,0.0
2026-07-10T08:42:00,leasing,TOYOTA,COROLLA,3,0,0.0
2026-07-10T08:42:00,leasing,TOYOTA,COROLLA TS,7,0,0.0
2026-07-10T08:42:00,leasing,TOYOTA,PROACE CITY,1,0,0.0
2026-07-10T08:42:00,leasing,TOYOTA,RAV4 HSD,3,0,0.0
2026-07-10T08:42:00,leasing,TOYOTA,RAV4 PLUG IN,5,0,0.0
2026-07-10T08:42:00,leasing,TOYOTA,YARIS,4,0,0.0
2026-07-10T08:42:00,leasing,TOYOTA,YARIS CROSS,1,0,0.0
2026-07-10T08:42:00,leasing,TOYOTA,YARIS HYBRID,3,0,0.0
2026-07-10T08:42:00,leasing,VOLKSWAGEN,GOLF,11,0,0.0
2026-07-10T08:42:00,leasing,VOLKSWAGEN,POLO,5,0,0.0
2026-07-10T08:42:00,leasing,VOLKSWAGEN,T-ROC,5,0,0.0
2026-07-10T08:42:00,leasing,VOLKSWAGEN,TAIGO,1,0,0.0
2026-07-10T08:42:00,leasing,VOLKSWAGEN,TIGUAN,3,0,0.0
2026-07-10T08:42:00,leasing,VOLKSWAGEN,TIGUAN ALLSPACE,2,0,0.0
2026-07-10T08:42:00,leasing,VOLKSWAGEN,TOURAN,3,0,0.0
2026-07-10T08:42:00,leasing,VOLKSWAGEN,TRANSPORTER,1,0,0.0
2026-07-10T08:42:00,cash,AUDI,A3 SPORTBACK,9,0,0.0
2026-07-10T08:42:00,cash,AUDI,Q5,2,0,0.0
2026-07-10T08:42:00,cash,BMW,IX3,1,1,1.0
2026-07-10T08:42:00,cash,BMW,SERIE 1,10,0,0.0
2026-07-10T08:42:00,cash,BMW,SERIE 2,1,0,0.0
2026-07-10T08:42:00,cash,BMW,SERIE 2 ACTIVE TOURE,1,0,0.0
2026-07-10T08:42:00,cash,BMW,SERIE 3,1,0,0.0
2026-07-10T08:42:00,cash,BMW,SERIE 4 GC,2,0,0.0
2026-07-10T08:42:00,cash,BMW,X1,14,0,0.0
2026-07-10T08:42:00,cash,BMW,X2,2,0,0.0
2026-07-10T08:42:00,cash,BMW,X3,5,0,0.0
2026-07-10T08:42:00,cash,BMW,X5,1,0,0.0
2026-07-10T08:42:00,cash,CITROEN,BERLINGO,12,0,0.0
2026-07-10T08:42:00,cash,CITROEN,C3,15,0,0.0
2026-07-10T08:42:00,cash,CITROEN,C3 AIRCROSS,9,0,0.0
2026-07-10T08:42:00,cash,CITROEN,C4,3,0,0.0
2026-07-10T08:42:00,cash,CITROEN,C4 SPACETOURER,1,0,0.0
2026-07-10T08:42:00,cash,CITROEN,C5 AIRCROSS,12,0,0.0
2026-07-10T08:42:00,cash,CITROEN,C5 X,5,0,0.0
2026-07-10T08:42:00,cash,CITROEN,E-C4,1,1,1.0
2026-07-10T08:42:00,cash,CITROEN,GRAND C4 SPACETOURER,1,0,0.0
2026-07-10T08:42:00,cash,CITROEN,JUMPER,1,0,0.0
2026-07-10T08:42:00,cash,CITROEN,JUMPY,6,0,0.0
2026-07-10T08:42:00,cash,DACIA,SANDERO,1,0,0.0
2026-07-10T08:42:00,cash,DS,DS3,1,0,0.0
2026-07-10T08:42:00,cash,DS,DS3 CROSSBACK,3,2,0.6667
2026-07-10T08:42:00,cash,DS,DS4,1,0,0.0
2026-07-10T08:42:00,cash,DS,DS7,2,0,0.0
2026-07-10T08:42:00,cash,FIAT,500,3,0,0.0
2026-07-10T08:42:00,cash,FORD,KUGA,9,0,0.0
2026-07-10T08:42:00,cash,FORD,PUMA,4,0,0.0
2026-07-10T08:42:00,cash,FORD,TRANSIT CUSTOM,1,0,0.0
2026-07-10T08:42:00,cash,HYUNDAI,IONIQ,1,1,1.0
2026-07-10T08:42:00,cash,HYUNDAI,TUCSON,13,0,0.0
2026-07-10T08:42:00,cash,JEEP,AVENGER,2,2,1.0
2026-07-10T08:42:00,cash,KIA,CEED,6,0,0.0
2026-07-10T08:42:00,cash,KIA,E-NIRO,1,1,1.0
2026-07-10T08:42:00,cash,KIA,EV6,1,1,1.0
2026-07-10T08:42:00,cash,KIA,NIRO EV,6,6,1.0
2026-07-10T08:42:00,cash,KIA,PROCEED,1,0,0.0
2026-07-10T08:42:00,cash,KIA,SPORTAGE,13,0,0.0
2026-07-10T08:42:00,cash,KIA,STONIC,15,0,0.0
2026-07-10T08:42:00,cash,KIA,XCEED,1,0,0.0
2026-07-10T08:42:00,cash,MAZDA,CX-5,1,0,0.0
2026-07-10T08:42:00,cash,MAZDA,MAZDA3,1,0,0.0
2026-07-10T08:42:00,cash,MERCEDES-BENZ,CLA COUPE,1,0,0.0
2026-07-10T08:42:00,cash,MERCEDES-BENZ,CLASSE A,6,0,0.0
2026-07-10T08:42:00,cash,MERCEDES-BENZ,CLASSE CLA,2,0,0.0
2026-07-10T08:42:00,cash,MERCEDES-BENZ,GLB,1,0,0.0
2026-07-10T08:42:00,cash,MERCEDES-BENZ,GLC COUPE,1,0,0.0
2026-07-10T08:42:00,cash,MINI,COUNTRYMAN,2,0,0.0
2026-07-10T08:42:00,cash,MINI,MINI,2,0,0.0
2026-07-10T08:42:00,cash,NISSAN,LEAF,1,1,1.0
2026-07-10T08:42:00,cash,NISSAN,QASHQAI,9,0,0.0
2026-07-10T08:42:00,cash,NISSAN,X-TRAIL,2,0,0.0
2026-07-10T08:42:00,cash,OPEL,ASTRA,1,0,0.0
2026-07-10T08:42:00,cash,OPEL,CORSA,4,0,0.0
2026-07-10T08:42:00,cash,OPEL,CROSSLAND,3,0,0.0
2026-07-10T08:42:00,cash,OPEL,E-CORSA,1,1,1.0
2026-07-10T08:42:00,cash,OPEL,GRANDLAND,3,0,0.0
2026-07-10T08:42:00,cash,OPEL,GRANDLAND X,1,0,0.0
2026-07-10T08:42:00,cash,PEUGEOT,108,1,0,0.0
2026-07-10T08:42:00,cash,PEUGEOT,2008,34,0,0.0
2026-07-10T08:42:00,cash,PEUGEOT,208,11,0,0.0
2026-07-10T08:42:00,cash,PEUGEOT,3008,56,0,0.0
2026-07-10T08:42:00,cash,PEUGEOT,308,11,0,0.0
2026-07-10T08:42:00,cash,PEUGEOT,308 SW,5,0,0.0
2026-07-10T08:42:00,cash,PEUGEOT,5008,24,0,0.0
2026-07-10T08:42:00,cash,PEUGEOT,E-2008,7,7,1.0
2026-07-10T08:42:00,cash,PEUGEOT,E-208,2,2,1.0
2026-07-10T08:42:00,cash,PEUGEOT,E-308,1,1,1.0
2026-07-10T08:42:00,cash,PEUGEOT,EXPERT,6,0,0.0
2026-07-10T08:42:00,cash,PEUGEOT,PARTNER,9,0,0.0
2026-07-10T08:42:00,cash,RENAULT,ARKANA,14,0,0.0
2026-07-10T08:42:00,cash,RENAULT,AUSTRAL,5,0,0.0
2026-07-10T08:42:00,cash,RENAULT,CAPTUR,25,0,0.0
2026-07-10T08:42:00,cash,RENAULT,CLIO,30,0,0.0
2026-07-10T08:42:00,cash,RENAULT,ESPACE,1,0,0.0
2026-07-10T08:42:00,cash,RENAULT,EXPRESS,24,0,0.0
2026-07-10T08:42:00,cash,RENAULT,KADJAR,2,0,0.0
2026-07-10T08:42:00,cash,RENAULT,KANGOO,4,0,0.0
2026-07-10T08:42:00,cash,RENAULT,KANGOO EXPRESS,1,0,0.0
2026-07-10T08:42:00,cash,RENAULT,MASTER,1,0,0.0
2026-07-10T08:42:00,cash,RENAULT,MEGANE,25,0,0.0
2026-07-10T08:42:00,cash,RENAULT,MEGANE E-TECH,2,2,1.0
2026-07-10T08:42:00,cash,RENAULT,SCENIC,7,0,0.0
2026-07-10T08:42:00,cash,RENAULT,TRAFIC,10,0,0.0
2026-07-10T08:42:00,cash,RENAULT,TWINGO,1,0,0.0
2026-07-10T08:42:00,cash,SEAT,ARONA,1,0,0.0
2026-07-10T08:42:00,cash,SEAT,TARRACO,1,0,0.0
2026-07-10T08:42:00,cash,SKODA,FABIA,7,0,0.0
2026-07-10T08:42:00,cash,SKODA,KAMIQ,6,0,0.0
2026-07-10T08:42:00,cash,SKODA,KAROQ,2,0,0.0
2026-07-10T08:42:00,cash,SKODA,KODIAQ,4,0,0.0
2026-07-10T08:42:00,cash,SMART,1,1,1,1.0
2026-07-10T08:42:00,cash,SUZUKI,VITARA,1,0,0.0
2026-07-10T08:42:00,cash,TESLA,MODEL 3,6,6,1.0
2026-07-10T08:42:00,cash,TESLA,MODEL Y,7,7,1.0
2026-07-10T08:42:00,cash,TOYOTA,AYGO X,3,0,0.0
2026-07-10T08:42:00,cash,TOYOTA,C-HR,6,0,0.0
2026-07-10T08:42:00,cash,TOYOTA,COROLLA,4,0,0.0
2026-07-10T08:42:00,cash,TOYOTA,COROLLA TS,7,0,0.0
2026-07-10T08:42:00,cash,TOYOTA,PROACE CITY,1,0,0.0
2026-07-10T08:42:00,cash,TOYOTA,RAV4 HSD,3,0,0.0
2026-07-10T08:42:00,cash,TOYOTA,RAV4 PLUG IN,5,0,0.0
2026-07-10T08:42:00,cash,TOYOTA,YARIS,4,0,0.0
2026-07-10T08:42:00,cash,TOYOTA,YARIS CROSS,1,0,0.0
2026-07-10T08:42:00,cash,TOYOTA,YARIS HYBRID,3,0,0.0
2026-07-10T08:42:00,cash,VOLKSWAGEN,GOLF,12,0,0.0
2026-07-10T08:42:00,cash,VOLKSWAGEN,POLO,5,0,0.0
2026-07-10T08:42:00,cash,VOLKSWAGEN,T-ROC,7,0,0.0
2026-07-10T08:42:00,cash,VOLKSWAGEN,TAIGO,2,0,0.0
2026-07-10T08:42:00,cash,VOLKSWAGEN,TIGUAN,4,0,0.0
2026-07-10T08:42:00,cash,VOLKSWAGEN,TIGUAN ALLSPACE,4,0,0.0
2026-07-10T08:42:00,cash,VOLKSWAGEN,TOURAN,3,0,0.0
2026-07-10T08:42:00,cash,VOLKSWAGEN,TRANSPORTER,1,0,0.0
2026-07-10T10:21:45,leasing,AUDI,A3 SPORTBACK,8,0,0.0
2026-07-10T10:21:45,leasing,AUDI,Q5,2,0,0.0
2026-07-10T10:21:45,leasing,BMW,IX3,1,1,1.0
2026-07-10T10:21:45,leasing,BMW,SERIE 1,10,0,0.0
2026-07-10T10:21:45,leasing,BMW,SERIE 2,1,0,0.0
2026-07-10T10:21:45,leasing,BMW,SERIE 2 ACTIVE TOURE,1,0,0.0
2026-07-10T10:21:45,leasing,BMW,SERIE 3,1,0,0.0
2026-07-10T10:21:45,leasing,BMW,SERIE 4 GC,2,0,0.0
2026-07-10T10:21:45,leasing,BMW,X1,11,0,0.0
2026-07-10T10:21:45,leasing,BMW,X2,2,0,0.0
2026-07-10T10:21:45,leasing,BMW,X3,4,0,0.0
2026-07-10T10:21:45,leasing,CITROEN,BERLINGO,9,0,0.0
2026-07-10T10:21:45,leasing,CITROEN,C3,11,0,0.0
2026-07-10T10:21:45,leasing,CITROEN,C3 AIRCROSS,9,0,0.0
2026-07-10T10:21:45,leasing,CITROEN,C4,3,0,0.0
2026-07-10T10:21:45,leasing,CITROEN,C5 AIRCROSS,12,0,0.0
2026-07-10T10:21:45,leasing,CITROEN,C5 X,5,0,0.0
2026-07-10T10:21:45,leasing,CITROEN,GRAND C4 SPACETOURER,1,0,0.0
2026-07-10T10:21:45,leasing,CITROEN,JUMPER,1,0,0.0
2026-07-10T10:21:45,leasing,CITROEN,JUMPY,5,0,0.0
2026-07-10T10:21:45,leasing,DACIA,SANDERO,1,0,0.0
2026-07-10T10:21:45,leasing,DS,DS3,1,0,0.0
2026-07-10T10:21:45,leasing,DS,DS3 CROSSBACK,3,2,0.6667
2026-07-10T10:21:45,leasing,DS,DS4,1,0,0.0
2026-07-10T10:21:45,leasing,DS,DS7,2,0,0.0
2026-07-10T10:21:45,leasing,FIAT,500,3,0,0.0
2026-07-10T10:21:45,leasing,FORD,KUGA,8,0,0.0
2026-07-10T10:21:45,leasing,FORD,PUMA,3,0,0.0
2026-07-10T10:21:45,leasing,HYUNDAI,IONIQ,1,1,1.0
2026-07-10T10:21:45,leasing,HYUNDAI,TUCSON,13,0,0.0
2026-07-10T10:21:45,leasing,JEEP,AVENGER,2,2,1.0
2026-07-10T10:21:45,leasing,KIA,CEED,6,0,0.0
2026-07-10T10:21:45,leasing,KIA,E-NIRO,1,1,1.0
2026-07-10T10:21:45,leasing,KIA,EV6,1,1,1.0
2026-07-10T10:21:45,leasing,KIA,NIRO EV,6,6,1.0
2026-07-10T10:21:45,leasing,KIA,PROCEED,1,0,0.0
2026-07-10T10:21:45,leasing,KIA,SPORTAGE,10,0,0.0
2026-07-10T10:21:45,leasing,KIA,STONIC,14,0,0.0
2026-07-10T10:21:45,leasing,KIA,XCEED,1,0,0.0
2026-07-10T10:21:45,leasing,MAZDA,CX-5,1,0,0.0
2026-07-10T10:21:45,leasing,MERCEDES-BENZ,CLA COUPE,1,0,0.0
2026-07-10T10:21:45,leasing,MERCEDES-BENZ,CLASSE A,4,0,0.0
2026-07-10T10:21:45,leasing,MERCEDES-BENZ,CLASSE CLA,2,0,0.0
2026-07-10T10:21:45,leasing,MERCEDES-BENZ,GLC COUPE,1,0,0.0
2026-07-10T10:21:45,leasing,MINI,COUNTRYMAN,2,0,0.0
2026-07-10T10:21:45,leasing,NISSAN,QASHQAI,9,0,0.0
2026-07-10T10:21:45,leasing,NISSAN,X-TRAIL,2,0,0.0
2026-07-10T10:21:45,leasing,OPEL,ASTRA,1,0,0.0
2026-07-10T10:21:45,leasing,OPEL,CORSA,4,0,0.0
2026-07-10T10:21:45,leasing,OPEL,CROSSLAND,3,0,0.0
2026-07-10T10:21:45,leasing,OPEL,E-CORSA,1,1,1.0
2026-07-10T10:21:45,leasing,OPEL,GRANDLAND,2,0,0.0
2026-07-10T10:21:45,leasing,PEUGEOT,2008,29,0,0.0
2026-07-10T10:21:45,leasing,PEUGEOT,208,9,0,0.0
2026-07-10T10:21:45,leasing,PEUGEOT,3008,46,0,0.0
2026-07-10T10:21:45,leasing,PEUGEOT,308,10,0,0.0
2026-07-10T10:21:45,leasing,PEUGEOT,308 SW,5,0,0.0
2026-07-10T10:21:45,leasing,PEUGEOT,5008,23,0,0.0
2026-07-10T10:21:45,leasing,PEUGEOT,E-2008,7,7,1.0
2026-07-10T10:21:45,leasing,PEUGEOT,EXPERT,6,0,0.0
2026-07-10T10:21:45,leasing,PEUGEOT,PARTNER,7,0,0.0
2026-07-10T10:21:45,leasing,RENAULT,ARKANA,14,0,0.0
2026-07-10T10:21:45,leasing,RENAULT,AUSTRAL,4,0,0.0
2026-07-10T10:21:45,leasing,RENAULT,CAPTUR,21,0,0.0
2026-07-10T10:21:45,leasing,RENAULT,CLIO,20,0,0.0
2026-07-10T10:21:45,leasing,RENAULT,ESPACE,1,0,0.0
2026-07-10T10:21:45,leasing,RENAULT,EXPRESS,24,0,0.0
2026-07-10T10:21:45,leasing,RENAULT,KADJAR,1,0,0.0
2026-07-10T10:21:45,leasing,RENAULT,KANGOO,4,0,0.0
2026-07-10T10:21:45,leasing,RENAULT,KANGOO EXPRESS,1,0,0.0
2026-07-10T10:21:45,leasing,RENAULT,MASTER,1,0,0.0
2026-07-10T10:21:45,leasing,RENAULT,MEGANE,19,0,0.0
2026-07-10T10:21:45,leasing,RENAULT,SCENIC,8,0,0.0
2026-07-10T10:21:45,leasing,RENAULT,TRAFIC,10,0,0.0
2026-07-10T10:21:45,leasing,SEAT,ARONA,1,0,0.0
2026-07-10T10:21:45,leasing,SEAT,TARRACO,1,0,0.0
2026-07-10T10:21:45,leasing,SKODA,FABIA,6,0,0.0
2026-07-10T10:21:45,leasing,SKODA,KAMIQ,6,0,0.0
2026-07-10T10:21:45,leasing,SKODA,KAROQ,2,0,0.0
2026-07-10T10:21:45,leasing,SKODA,KODIAQ,4,0,0.0
2026-07-10T10:21:45,leasing,SUZUKI,VITARA,1,0,0.0
2026-07-10T10:21:45,leasing,TESLA,MODEL 3,5,5,1.0
2026-07-10T10:21:45,leasing,TESLA,MODEL Y,7,7,1.0
2026-07-10T10:21:45,leasing,TOYOTA,AYGO X,3,0,0.0
2026-07-10T10:21:45,leasing,TOYOTA,C-HR,5,0,0.0
2026-07-10T10:21:45,leasing,TOYOTA,COROLLA,3,0,0.0
2026-07-10T10:21:45,leasing,TOYOTA,COROLLA TS,7,0,0.0
2026-07-10T10:21:45,leasing,TOYOTA,PROACE CITY,1,0,0.0
2026-07-10T10:21:45,leasing,TOYOTA,RAV4 HSD,3,0,0.0
2026-07-10T10:21:45,leasing,TOYOTA,RAV4 PLUG IN,5,0,0.0
2026-07-10T10:21:45,leasing,TOYOTA,YARIS,4,0,0.0
2026-07-10T10:21:45,leasing,TOYOTA,YARIS CROSS,1,0,0.0
2026-07-10T10:21:45,leasing,TOYOTA,YARIS HYBRID,3,0,0.0
2026-07-10T10:21:45,leasing,VOLKSWAGEN,GOLF,11,0,0.0
2026-07-10T10:21:45,leasing,VOLKSWAGEN,POLO,5,0,0.0
2026-07-10T10:21:45,leasing,VOLKSWAGEN,T-ROC,5,0,0.0
2026-07-10T10:21:45,leasing,VOLKSWAGEN,TAIGO,1,0,0.0
2026-07-10T10:21:45,leasing,VOLKSWAGEN,TIGUAN,3,0,0.0
2026-07-10T10:21:45,leasing,VOLKSWAGEN,TIGUAN ALLSPACE,2,0,0.0
2026-07-10T10:21:45,leasing,VOLKSWAGEN,TOURAN,3,0,0.0
2026-07-10T10:21:45,leasing,VOLKSWAGEN,TRANSPORTER,1,0,0.0
2026-07-10T10:21:45,cash,AUDI,A3 SPORTBACK,9,0,0.0
2026-07-10T10:21:45,cash,AUDI,Q5,2,0,0.0
2026-07-10T10:21:45,cash,BMW,IX3,1,1,1.0
2026-07-10T10:21:45,cash,BMW,SERIE 1,10,0,0.0
2026-07-10T10:21:45,cash,BMW,SERIE 2,1,0,0.0
2026-07-10T10:21:45,cash,BMW,SERIE 2 ACTIVE TOURE,1,0,0.0
2026-07-10T10:21:45,cash,BMW,SERIE 3,1,0,0.0
2026-07-10T10:21:45,cash,BMW,SERIE 4 GC,2,0,0.0
2026-07-10T10:21:45,cash,BMW,X1,13,0,0.0
2026-07-10T10:21:45,cash,BMW,X2,2,0,0.0
2026-07-10T10:21:45,cash,BMW,X3,5,0,0.0
2026-07-10T10:21:45,cash,BMW,X5,1,0,0.0
2026-07-10T10:21:45,cash,CITROEN,BERLINGO,12,0,0.0
2026-07-10T10:21:45,cash,CITROEN,C3,15,0,0.0
2026-07-10T10:21:45,cash,CITROEN,C3 AIRCROSS,9,0,0.0
2026-07-10T10:21:45,cash,CITROEN,C4,3,0,0.0
2026-07-10T10:21:45,cash,CITROEN,C4 SPACETOURER,1,0,0.0
2026-07-10T10:21:45,cash,CITROEN,C5 AIRCROSS,12,0,0.0
2026-07-10T10:21:45,cash,CITROEN,C5 X,5,0,0.0
2026-07-10T10:21:45,cash,CITROEN,E-C4,1,1,1.0
2026-07-10T10:21:45,cash,CITROEN,GRAND C4 SPACETOURER,1,0,0.0
2026-07-10T10:21:45,cash,CITROEN,JUMPER,1,0,0.0
2026-07-10T10:21:45,cash,CITROEN,JUMPY,6,0,0.0
2026-07-10T10:21:45,cash,DACIA,SANDERO,1,0,0.0
2026-07-10T10:21:45,cash,DS,DS3,1,0,0.0
2026-07-10T10:21:45,cash,DS,DS3 CROSSBACK,3,2,0.6667
2026-07-10T10:21:45,cash,DS,DS4,1,0,0.0
2026-07-10T10:21:45,cash,DS,DS7,2,0,0.0
2026-07-10T10:21:45,cash,FIAT,500,3,0,0.0
2026-07-10T10:21:45,cash,FORD,KUGA,9,0,0.0
2026-07-10T10:21:45,cash,FORD,PUMA,4,0,0.0
2026-07-10T10:21:45,cash,FORD,TRANSIT CUSTOM,1,0,0.0
2026-07-10T10:21:45,cash,HYUNDAI,IONIQ,1,1,1.0
2026-07-10T10:21:45,cash,HYUNDAI,TUCSON,13,0,0.0
2026-07-10T10:21:45,cash,JEEP,AVENGER,2,2,1.0
2026-07-10T10:21:45,cash,KIA,CEED,6,0,0.0
2026-07-10T10:21:45,cash,KIA,E-NIRO,1,1,1.0
2026-07-10T10:21:45,cash,KIA,EV6,1,1,1.0
2026-07-10T10:21:45,cash,KIA,NIRO EV,6,6,1.0
2026-07-10T10:21:45,cash,KIA,PROCEED,1,0,0.0
2026-07-10T10:21:45,cash,KIA,SPORTAGE,13,0,0.0
2026-07-10T10:21:45,cash,KIA,STONIC,15,0,0.0
2026-07-10T10:21:45,cash,KIA,XCEED,1,0,0.0
2026-07-10T10:21:45,cash,MAZDA,CX-5,1,0,0.0
2026-07-10T10:21:45,cash,MAZDA,MAZDA3,1,0,0.0
2026-07-10T10:21:45,cash,MERCEDES-BENZ,CLA COUPE,1,0,0.0
2026-07-10T10:21:45,cash,MERCEDES-BENZ,CLASSE A,6,0,0.0
2026-07-10T10:21:45,cash,MERCEDES-BENZ,CLASSE CLA,2,0,0.0
2026-07-10T10:21:45,cash,MERCEDES-BENZ,GLB,1,0,0.0
2026-07-10T10:21:45,cash,MERCEDES-BENZ,GLC COUPE,1,0,0.0
2026-07-10T10:21:45,cash,MINI,COUNTRYMAN,2,0,0.0
2026-07-10T10:21:45,cash,MINI,MINI,2,0,0.0
2026-07-10T10:21:45,cash,NISSAN,LEAF,1,1,1.0
2026-07-10T10:21:45,cash,NISSAN,QASHQAI,10,0,0.0
2026-07-10T10:21:45,cash,NISSAN,X-TRAIL,2,0,0.0
2026-07-10T10:21:45,cash,OPEL,ASTRA,1,0,0.0
2026-07-10T10:21:45,cash,OPEL,CORSA,4,0,0.0
2026-07-10T10:21:45,cash,OPEL,CROSSLAND,3,0,0.0
2026-07-10T10:21:45,cash,OPEL,E-CORSA,1,1,1.0
2026-07-10T10:21:45,cash,OPEL,GRANDLAND,3,0,0.0
2026-07-10T10:21:45,cash,OPEL,GRANDLAND X,1,0,0.0
2026-07-10T10:21:45,cash,PEUGEOT,108,1,0,0.0
2026-07-10T10:21:45,cash,PEUGEOT,2008,33,0,0.0
2026-07-10T10:21:45,cash,PEUGEOT,208,11,0,0.0
2026-07-10T10:21:45,cash,PEUGEOT,3008,53,0,0.0
2026-07-10T10:21:45,cash,PEUGEOT,308,11,0,0.0
2026-07-10T10:21:45,cash,PEUGEOT,308 SW,5,0,0.0
2026-07-10T10:21:45,cash,PEUGEOT,5008,24,0,0.0
2026-07-10T10:21:45,cash,PEUGEOT,E-2008,7,7,1.0
2026-07-10T10:21:45,cash,PEUGEOT,E-208,2,2,1.0
2026-07-10T10:21:45,cash,PEUGEOT,E-308,1,1,1.0
2026-07-10T10:21:45,cash,PEUGEOT,EXPERT,6,0,0.0
2026-07-10T10:21:45,cash,PEUGEOT,PARTNER,9,0,0.0
2026-07-10T10:21:45,cash,RENAULT,ARKANA,14,0,0.0
2026-07-10T10:21:45,cash,RENAULT,AUSTRAL,4,0,0.0
2026-07-10T10:21:45,cash,RENAULT,CAPTUR,25,0,0.0
2026-07-10T10:21:45,cash,RENAULT,CLIO,29,0,0.0
2026-07-10T10:21:45,cash,RENAULT,ESPACE,1,0,0.0
2026-07-10T10:21:45,cash,RENAULT,EXPRESS,24,0,0.0
2026-07-10T10:21:45,cash,RENAULT,KADJAR,2,0,0.0
2026-07-10T10:21:45,cash,RENAULT,KANGOO,4,0,0.0
2026-07-10T10:21:45,cash,RENAULT,KANGOO EXPRESS,1,0,0.0
2026-07-10T10:21:45,cash,RENAULT,MASTER,1,0,0.0
2026-07-10T10:21:45,cash,RENAULT,MEGANE,25,0,0.0
2026-07-10T10:21:45,cash,RENAULT,MEGANE E-TECH,1,1,1.0
2026-07-10T10:21:45,cash,RENAULT,SCENIC,8,0,0.0
2026-07-10T10:21:45,cash,RENAULT,SYMBIOZ,1,0,0.0
2026-07-10T10:21:45,cash,RENAULT,TRAFIC,10,0,0.0
2026-07-10T10:21:45,cash,RENAULT,TWINGO,1,0,0.0
2026-07-10T10:21:45,cash,SEAT,ARONA,1,0,0.0
2026-07-10T10:21:45,cash,SEAT,TARRACO,1,0,0.0
2026-07-10T10:21:45,cash,SKODA,FABIA,7,0,0.0
2026-07-10T10:21:45,cash,SKODA,KAMIQ,6,0,0.0
2026-07-10T10:21:45,cash,SKODA,KAROQ,2,0,0.0
2026-07-10T10:21:45,cash,SKODA,KODIAQ,4,0,0.0
2026-07-10T10:21:45,cash,SMART,1,1,1,1.0
2026-07-10T10:21:45,cash,SUZUKI,VITARA,1,0,0.0
2026-07-10T10:21:45,cash,TESLA,MODEL 3,6,6,1.0
2026-07-10T10:21:45,cash,TESLA,MODEL Y,7,7,1.0
2026-07-10T10:21:45,cash,TOYOTA,AYGO X,3,0,0.0
2026-07-10T10:21:45,cash,TOYOTA,C-HR,6,0,0.0
2026-07-10T10:21:45,cash,TOYOTA,COROLLA,4,0,0.0
2026-07-10T10:21:45,cash,TOYOTA,COROLLA TS,7,0,0.0
2026-07-10T10:21:45,cash,TOYOTA,PROACE CITY,1,0,0.0
2026-07-10T10:21:45,cash,TOYOTA,RAV4 HSD,3,0,0.0
2026-07-10T10:21:45,cash,TOYOTA,RAV4 PLUG IN,5,0,0.0
2026-07-10T10:21:45,cash,TOYOTA,YARIS,4,0,0.0
2026-07-10T10:21:45,cash,TOYOTA,YARIS CROSS,1,0,0.0
2026-07-10T10:21:45,cash,TOYOTA,YARIS HYBRID,3,0,0.0
2026-07-10T10:21:45,cash,VOLKSWAGEN,GOLF,12,0,0.0
2026-07-10T10:21:45,cash,VOLKSWAGEN,POLO,5,0,0.0
2026-07-10T10:21:45,cash,VOLKSWAGEN,T-ROC,7,0,0.0
2026-07-10T10:21:45,cash,VOLKSWAGEN,TAIGO,2,0,0.0
2026-07-10T10:21:45,cash,VOLKSWAGEN,TIGUAN,4,0,0.0
2026-07-10T10:21:45,cash,VOLKSWAGEN,TIGUAN ALLSPACE,4,0,0.0
2026-07-10T10:21:45,cash,VOLKSWAGEN,TOURAN,3,0,0.0
2026-07-10T10:21:45,cash,VOLKSWAGEN,TRANSPORTER,1,0,0.0
2026-07-10T14:26:26,leasing,AUDI,A3 SPORTBACK,7,0,0.0
2026-07-10T14:26:26,leasing,AUDI,Q5,2,0,0.0
2026-07-10T14:26:26,leasing,BMW,IX3,1,1,1.0
2026-07-10T14:26:26,leasing,BMW,SERIE 1,10,0,0.0
2026-07-10T14:26:26,leasing,BMW,SERIE 2,1,0,0.0
2026-07-10T14:26:26,leasing,BMW,SERIE 2 ACTIVE TOURE,1,0,0.0
2026-07-10T14:26:26,leasing,BMW,SERIE 3,1,0,0.0
2026-07-10T14:26:26,leasing,BMW,SERIE 4 GC,2,0,0.0
2026-07-10T14:26:26,leasing,BMW,X1,10,0,0.0
2026-07-10T14:26:26,leasing,BMW,X2,2,0,0.0
2026-07-10T14:26:26,leasing,BMW,X3,4,0,0.0
2026-07-10T14:26:26,leasing,CITROEN,BERLINGO,9,0,0.0
2026-07-10T14:26:26,leasing,CITROEN,C3,11,0,0.0
2026-07-10T14:26:26,leasing,CITROEN,C3 AIRCROSS,9,0,0.0
2026-07-10T14:26:26,leasing,CITROEN,C4,3,0,0.0
2026-07-10T14:26:26,leasing,CITROEN,C5 AIRCROSS,12,0,0.0
2026-07-10T14:26:26,leasing,CITROEN,C5 X,5,0,0.0
2026-07-10T14:26:26,leasing,CITROEN,GRAND C4 SPACETOURER,1,0,0.0
2026-07-10T14:26:26,leasing,CITROEN,JUMPER,1,0,0.0
2026-07-10T14:26:26,leasing,CITROEN,JUMPY,5,0,0.0
2026-07-10T14:26:26,leasing,DACIA,SANDERO,1,0,0.0
2026-07-10T14:26:26,leasing,DS,DS3,1,0,0.0
2026-07-10T14:26:26,leasing,DS,DS3 CROSSBACK,3,2,0.6667
2026-07-10T14:26:26,leasing,DS,DS4,1,0,0.0
2026-07-10T14:26:26,leasing,DS,DS7,2,0,0.0
2026-07-10T14:26:26,leasing,FIAT,500,3,0,0.0
2026-07-10T14:26:26,leasing,FORD,KUGA,8,0,0.0
2026-07-10T14:26:26,leasing,FORD,PUMA,3,0,0.0
2026-07-10T14:26:26,leasing,HYUNDAI,IONIQ,1,1,1.0
2026-07-10T14:26:26,leasing,HYUNDAI,TUCSON,13,0,0.0
2026-07-10T14:26:26,leasing,JEEP,AVENGER,2,2,1.0
2026-07-10T14:26:26,leasing,KIA,CEED,6,0,0.0
2026-07-10T14:26:26,leasing,KIA,E-NIRO,1,1,1.0
2026-07-10T14:26:26,leasing,KIA,EV6,1,1,1.0
2026-07-10T14:26:26,leasing,KIA,NIRO EV,5,5,1.0
2026-07-10T14:26:26,leasing,KIA,PICANTO,1,0,0.0
2026-07-10T14:26:26,leasing,KIA,PROCEED,1,0,0.0
2026-07-10T14:26:26,leasing,KIA,SPORTAGE,10,0,0.0
2026-07-10T14:26:26,leasing,KIA,STONIC,14,0,0.0
2026-07-10T14:26:26,leasing,KIA,XCEED,1,0,0.0
2026-07-10T14:26:26,leasing,MAZDA,CX-5,1,0,0.0
2026-07-10T14:26:26,leasing,MERCEDES-BENZ,CLA COUPE,1,0,0.0
2026-07-10T14:26:26,leasing,MERCEDES-BENZ,CLASSE A,4,0,0.0
2026-07-10T14:26:26,leasing,MERCEDES-BENZ,CLASSE CLA,3,0,0.0
2026-07-10T14:26:26,leasing,MINI,COUNTRYMAN,2,0,0.0
2026-07-10T14:26:26,leasing,NISSAN,QASHQAI,9,0,0.0
2026-07-10T14:26:26,leasing,NISSAN,X-TRAIL,2,0,0.0
2026-07-10T14:26:26,leasing,OPEL,ASTRA,1,0,0.0
2026-07-10T14:26:26,leasing,OPEL,CORSA,4,0,0.0
2026-07-10T14:26:26,leasing,OPEL,CROSSLAND,3,0,0.0
2026-07-10T14:26:26,leasing,OPEL,E-CORSA,1,1,1.0
2026-07-10T14:26:26,leasing,OPEL,GRANDLAND,2,0,0.0
2026-07-10T14:26:26,leasing,PEUGEOT,2008,30,0,0.0
2026-07-10T14:26:26,leasing,PEUGEOT,208,9,0,0.0
2026-07-10T14:26:26,leasing,PEUGEOT,3008,47,0,0.0
2026-07-10T14:26:26,leasing,PEUGEOT,308,10,0,0.0
2026-07-10T14:26:26,leasing,PEUGEOT,308 SW,5,0,0.0
2026-07-10T14:26:26,leasing,PEUGEOT,5008,22,0,0.0
2026-07-10T14:26:26,leasing,PEUGEOT,E-2008,5,5,1.0
2026-07-10T14:26:26,leasing,PEUGEOT,EXPERT,6,0,0.0
2026-07-10T14:26:26,leasing,PEUGEOT,PARTNER,7,0,0.0
2026-07-10T14:26:26,leasing,RENAULT,ARKANA,14,0,0.0
2026-07-10T14:26:26,leasing,RENAULT,AUSTRAL,4,0,0.0
2026-07-10T14:26:26,leasing,RENAULT,CAPTUR,21,0,0.0
2026-07-10T14:26:26,leasing,RENAULT,CLIO,18,0,0.0
2026-07-10T14:26:26,leasing,RENAULT,ESPACE,1,0,0.0
2026-07-10T14:26:26,leasing,RENAULT,EXPRESS,24,0,0.0
2026-07-10T14:26:26,leasing,RENAULT,KADJAR,1,0,0.0
2026-07-10T14:26:26,leasing,RENAULT,KANGOO,3,0,0.0
2026-07-10T14:26:26,leasing,RENAULT,KANGOO EXPRESS,1,0,0.0
2026-07-10T14:26:26,leasing,RENAULT,MASTER,1,0,0.0
2026-07-10T14:26:26,leasing,RENAULT,MEGANE,19,0,0.0
2026-07-10T14:26:26,leasing,RENAULT,MEGANE E-TECH,1,1,1.0
2026-07-10T14:26:26,leasing,RENAULT,SCENIC,7,0,0.0
2026-07-10T14:26:26,leasing,RENAULT,TRAFIC,10,0,0.0
2026-07-10T14:26:26,leasing,SEAT,ARONA,1,0,0.0
2026-07-10T14:26:26,leasing,SEAT,TARRACO,1,0,0.0
2026-07-10T14:26:26,leasing,SKODA,FABIA,6,0,0.0
2026-07-10T14:26:26,leasing,SKODA,KAMIQ,6,0,0.0
2026-07-10T14:26:26,leasing,SKODA,KAROQ,2,0,0.0
2026-07-10T14:26:26,leasing,SKODA,KODIAQ,4,0,0.0
2026-07-10T14:26:26,leasing,SUZUKI,VITARA,1,0,0.0
2026-07-10T14:26:26,leasing,TESLA,MODEL 3,5,5,1.0
2026-07-10T14:26:26,leasing,TESLA,MODEL Y,7,7,1.0
2026-07-10T14:26:26,leasing,TOYOTA,AYGO X,3,0,0.0
2026-07-10T14:26:26,leasing,TOYOTA,C-HR,5,0,0.0
2026-07-10T14:26:26,leasing,TOYOTA,COROLLA,3,0,0.0
2026-07-10T14:26:26,leasing,TOYOTA,COROLLA TS,7,0,0.0
2026-07-10T14:26:26,leasing,TOYOTA,PROACE CITY,1,0,0.0
2026-07-10T14:26:26,leasing,TOYOTA,RAV4 HSD,3,0,0.0
2026-07-10T14:26:26,leasing,TOYOTA,RAV4 PLUG IN,5,0,0.0
2026-07-10T14:26:26,leasing,TOYOTA,YARIS,4,0,0.0
2026-07-10T14:26:26,leasing,TOYOTA,YARIS CROSS,1,0,0.0
2026-07-10T14:26:26,leasing,TOYOTA,YARIS HYBRID,3,0,0.0
2026-07-10T14:26:26,leasing,VOLKSWAGEN,GOLF,11,0,0.0
2026-07-10T14:26:26,leasing,VOLKSWAGEN,POLO,5,0,0.0
2026-07-10T14:26:26,leasing,VOLKSWAGEN,T-ROC,4,0,0.0
2026-07-10T14:26:26,leasing,VOLKSWAGEN,TAIGO,1,0,0.0
2026-07-10T14:26:26,leasing,VOLKSWAGEN,TIGUAN,3,0,0.0
2026-07-10T14:26:26,leasing,VOLKSWAGEN,TIGUAN ALLSPACE,2,0,0.0
2026-07-10T14:26:26,leasing,VOLKSWAGEN,TOURAN,3,0,0.0
2026-07-10T14:26:26,leasing,VOLKSWAGEN,TRANSPORTER,1,0,0.0
2026-07-10T14:26:26,cash,AUDI,A3 SPORTBACK,8,0,0.0
2026-07-10T14:26:26,cash,AUDI,Q5,2,0,0.0
2026-07-10T14:26:26,cash,BMW,IX3,1,1,1.0
2026-07-10T14:26:26,cash,BMW,SERIE 1,10,0,0.0
2026-07-10T14:26:26,cash,BMW,SERIE 2,1,0,0.0
2026-07-10T14:26:26,cash,BMW,SERIE 2 ACTIVE TOURE,1,0,0.0
2026-07-10T14:26:26,cash,BMW,SERIE 3,1,0,0.0
2026-07-10T14:26:26,cash,BMW,SERIE 4 GC,2,0,0.0
2026-07-10T14:26:26,cash,BMW,X1,12,0,0.0
2026-07-10T14:26:26,cash,BMW,X2,2,0,0.0
2026-07-10T14:26:26,cash,BMW,X3,5,0,0.0
2026-07-10T14:26:26,cash,BMW,X5,1,0,0.0
2026-07-10T14:26:26,cash,CITROEN,BERLINGO,12,0,0.0
2026-07-10T14:26:26,cash,CITROEN,C3,15,0,0.0
2026-07-10T14:26:26,cash,CITROEN,C3 AIRCROSS,9,0,0.0
2026-07-10T14:26:26,cash,CITROEN,C4,3,0,0.0
2026-07-10T14:26:26,cash,CITROEN,C4 SPACETOURER,1,0,0.0
2026-07-10T14:26:26,cash,CITROEN,C5 AIRCROSS,12,0,0.0
2026-07-10T14:26:26,cash,CITROEN,C5 X,5,0,0.0
2026-07-10T14:26:26,cash,CITROEN,E-C4,1,1,1.0
2026-07-10T14:26:26,cash,CITROEN,GRAND C4 SPACETOURER,1,0,0.0
2026-07-10T14:26:26,cash,CITROEN,JUMPER,1,0,0.0
2026-07-10T14:26:26,cash,CITROEN,JUMPY,7,0,0.0
2026-07-10T14:26:26,cash,DACIA,SANDERO,1,0,0.0
2026-07-10T14:26:26,cash,DS,DS3,1,0,0.0
2026-07-10T14:26:26,cash,DS,DS3 CROSSBACK,3,2,0.6667
2026-07-10T14:26:26,cash,DS,DS4,1,0,0.0
2026-07-10T14:26:26,cash,DS,DS7,2,0,0.0
2026-07-10T14:26:26,cash,FIAT,500,3,0,0.0
2026-07-10T14:26:26,cash,FORD,KUGA,9,0,0.0
2026-07-10T14:26:26,cash,FORD,PUMA,4,0,0.0
2026-07-10T14:26:26,cash,FORD,TRANSIT CUSTOM,1,0,0.0
2026-07-10T14:26:26,cash,HYUNDAI,IONIQ,1,1,1.0
2026-07-10T14:26:26,cash,HYUNDAI,TUCSON,13,0,0.0
2026-07-10T14:26:26,cash,JEEP,AVENGER,2,2,1.0
2026-07-10T14:26:26,cash,KIA,CEED,6,0,0.0
2026-07-10T14:26:26,cash,KIA,E-NIRO,1,1,1.0
2026-07-10T14:26:26,cash,KIA,EV6,1,1,1.0
2026-07-10T14:26:26,cash,KIA,NIRO EV,5,5,1.0
2026-07-10T14:26:26,cash,KIA,PICANTO,1,0,0.0
2026-07-10T14:26:26,cash,KIA,PROCEED,1,0,0.0
2026-07-10T14:26:26,cash,KIA,SPORTAGE,13,0,0.0
2026-07-10T14:26:26,cash,KIA,STONIC,15,0,0.0
2026-07-10T14:26:26,cash,KIA,XCEED,1,0,0.0
2026-07-10T14:26:26,cash,MAZDA,CX-5,1,0,0.0
2026-07-10T14:26:26,cash,MAZDA,MAZDA3,1,0,0.0
2026-07-10T14:26:26,cash,MERCEDES-BENZ,CLA COUPE,1,0,0.0
2026-07-10T14:26:26,cash,MERCEDES-BENZ,CLASSE A,6,0,0.0
2026-07-10T14:26:26,cash,MERCEDES-BENZ,CLASSE CLA,3,0,0.0
2026-07-10T14:26:26,cash,MERCEDES-BENZ,GLB,1,0,0.0
2026-07-10T14:26:26,cash,MINI,COUNTRYMAN,2,0,0.0
2026-07-10T14:26:26,cash,MINI,MINI,2,0,0.0
2026-07-10T14:26:26,cash,NISSAN,LEAF,1,1,1.0
2026-07-10T14:26:26,cash,NISSAN,QASHQAI,10,0,0.0
2026-07-10T14:26:26,cash,NISSAN,X-TRAIL,2,0,0.0
2026-07-10T14:26:26,cash,OPEL,ASTRA,1,0,0.0
2026-07-10T14:26:26,cash,OPEL,CORSA,4,0,0.0
2026-07-10T14:26:26,cash,OPEL,CROSSLAND,3,0,0.0
2026-07-10T14:26:26,cash,OPEL,E-CORSA,1,1,1.0
2026-07-10T14:26:26,cash,OPEL,GRANDLAND,3,0,0.0
2026-07-10T14:26:26,cash,OPEL,GRANDLAND X,1,0,0.0
2026-07-10T14:26:26,cash,PEUGEOT,108,1,0,0.0
2026-07-10T14:26:26,cash,PEUGEOT,2008,34,0,0.0
2026-07-10T14:26:26,cash,PEUGEOT,208,11,0,0.0
2026-07-10T14:26:26,cash,PEUGEOT,3008,54,0,0.0
2026-07-10T14:26:26,cash,PEUGEOT,308,11,0,0.0
2026-07-10T14:26:26,cash,PEUGEOT,308 SW,5,0,0.0
2026-07-10T14:26:26,cash,PEUGEOT,5008,23,0,0.0
2026-07-10T14:26:26,cash,PEUGEOT,E-2008,5,5,1.0
2026-07-10T14:26:26,cash,PEUGEOT,E-208,3,3,1.0
2026-07-10T14:26:26,cash,PEUGEOT,E-308,1,1,1.0
2026-07-10T14:26:26,cash,PEUGEOT,EXPERT,6,0,0.0
2026-07-10T14:26:26,cash,PEUGEOT,PARTNER,9,0,0.0
2026-07-10T14:26:26,cash,RENAULT,ARKANA,15,0,0.0
2026-07-10T14:26:26,cash,RENAULT,AUSTRAL,4,0,0.0
2026-07-10T14:26:26,cash,RENAULT,CAPTUR,25,0,0.0
2026-07-10T14:26:26,cash,RENAULT,CLIO,27,0,0.0
2026-07-10T14:26:26,cash,RENAULT,ESPACE,1,0,0.0
2026-07-10T14:26:26,cash,RENAULT,EXPRESS,24,0,0.0
2026-07-10T14:26:26,cash,RENAULT,KADJAR,2,0,0.0
2026-07-10T14:26:26,cash,RENAULT,KANGOO,3,0,0.0
2026-07-10T14:26:26,cash,RENAULT,KANGOO EXPRESS,1,0,0.0
2026-07-10T14:26:26,cash,RENAULT,MASTER,1,0,0.0
2026-07-10T14:26:26,cash,RENAULT,MEGANE,25,0,0.0
2026-07-10T14:26:26,cash,RENAULT,MEGANE E-TECH,2,2,1.0
2026-07-10T14:26:26,cash,RENAULT,SCENIC,7,0,0.0
2026-07-10T14:26:26,cash,RENAULT,SYMBIOZ,1,0,0.0
2026-07-10T14:26:26,cash,RENAULT,TRAFIC,10,0,0.0
2026-07-10T14:26:26,cash,RENAULT,TWINGO,1,0,0.0
2026-07-10T14:26:26,cash,SEAT,ARONA,1,0,0.0
2026-07-10T14:26:26,cash,SEAT,TARRACO,1,0,0.0
2026-07-10T14:26:26,cash,SKODA,FABIA,7,0,0.0
2026-07-10T14:26:26,cash,SKODA,KAMIQ,6,0,0.0
2026-07-10T14:26:26,cash,SKODA,KAROQ,2,0,0.0
2026-07-10T14:26:26,cash,SKODA,KODIAQ,4,0,0.0
2026-07-10T14:26:26,cash,SMART,1,1,1,1.0
2026-07-10T14:26:26,cash,SUZUKI,VITARA,1,0,0.0
2026-07-10T14:26:26,cash,TESLA,MODEL 3,6,6,1.0
2026-07-10T14:26:26,cash,TESLA,MODEL Y,7,7,1.0
2026-07-10T14:26:26,cash,TOYOTA,AYGO X,3,0,0.0
2026-07-10T14:26:26,cash,TOYOTA,C-HR,6,0,0.0
2026-07-10T14:26:26,cash,TOYOTA,COROLLA,4,0,0.0
2026-07-10T14:26:26,cash,TOYOTA,COROLLA TS,7,0,0.0
2026-07-10T14:26:26,cash,TOYOTA,PROACE CITY,1,0,0.0
2026-07-10T14:26:26,cash,TOYOTA,RAV4 HSD,3,0,0.0
2026-07-10T14:26:26,cash,TOYOTA,RAV4 PLUG IN,5,0,0.0
2026-07-10T14:26:26,cash,TOYOTA,YARIS,4,0,0.0
2026-07-10T14:26:26,cash,TOYOTA,YARIS CROSS,1,0,0.0
2026-07-10T14:26:26,cash,TOYOTA,YARIS HYBRID,3,0,0.0
2026-07-10T14:26:26,cash,VOLKSWAGEN,GOLF,12,0,0.0
2026-07-10T14:26:26,cash,VOLKSWAGEN,POLO,5,0,0.0
2026-07-10T14:26:26,cash,VOLKSWAGEN,T-ROC,6,0,0.0
2026-07-10T14:26:26,cash,VOLKSWAGEN,TAIGO,2,0,0.0
2026-07-10T14:26:26,cash,VOLKSWAGEN,TIGUAN,4,0,0.0
2026-07-10T14:26:26,cash,VOLKSWAGEN,TIGUAN ALLSPACE,4,0,0.0
2026-07-10T14:26:26,cash,VOLKSWAGEN,TOURAN,3,0,0.0
2026-07-10T14:26:26,cash,VOLKSWAGEN,TRANSPORTER,1,0,0.0
2026-07-11T08:45:46,leasing,AUDI,A3 SPORTBACK,6,0,0.0
2026-07-11T08:45:46,leasing,AUDI,Q5,1,0,0.0
2026-07-11T08:45:46,leasing,BMW,IX3,1,1,1.0
2026-07-11T08:45:46,leasing,BMW,SERIE 1,11,0,0.0
2026-07-11T08:45:46,leasing,BMW,SERIE 2,1,0,0.0
2026-07-11T08:45:46,leasing,BMW,SERIE 2 ACTIVE TOURE,1,0,0.0
2026-07-11T08:45:46,leasing,BMW,SERIE 3,1,0,0.0
2026-07-11T08:45:46,leasing,BMW,SERIE 4 GC,2,0,0.0
2026-07-11T08:45:46,leasing,BMW,X1,10,0,0.0
2026-07-11T08:45:46,leasing,BMW,X2,2,0,0.0
2026-07-11T08:45:46,leasing,BMW,X3,6,0,0.0
2026-07-11T08:45:46,leasing,CITROEN,BERLINGO,10,0,0.0
2026-07-11T08:45:46,leasing,CITROEN,C3,11,0,0.0
2026-07-11T08:45:46,leasing,CITROEN,C3 AIRCROSS,9,0,0.0
2026-07-11T08:45:46,leasing,CITROEN,C4,3,0,0.0
2026-07-11T08:45:46,leasing,CITROEN,C5 AIRCROSS,13,0,0.0
2026-07-11T08:45:46,leasing,CITROEN,C5 X,5,0,0.0
2026-07-11T08:45:46,leasing,CITROEN,GRAND C4 SPACETOURER,1,0,0.0
2026-07-11T08:45:46,leasing,CITROEN,JUMPER,1,0,0.0
2026-07-11T08:45:46,leasing,CITROEN,JUMPY,6,0,0.0
2026-07-11T08:45:46,leasing,DACIA,SANDERO,1,0,0.0
2026-07-11T08:45:46,leasing,DS,DS3,1,0,0.0
2026-07-11T08:45:46,leasing,DS,DS3 CROSSBACK,3,2,0.6667
2026-07-11T08:45:46,leasing,DS,DS4,1,0,0.0
2026-07-11T08:45:46,leasing,DS,DS7,2,0,0.0
2026-07-11T08:45:46,leasing,FIAT,500,3,0,0.0
2026-07-11T08:45:46,leasing,FORD,KUGA,8,0,0.0
2026-07-11T08:45:46,leasing,FORD,PUMA,3,0,0.0
2026-07-11T08:45:46,leasing,HYUNDAI,IONIQ,1,1,1.0
2026-07-11T08:45:46,leasing,HYUNDAI,TUCSON,13,0,0.0
2026-07-11T08:45:46,leasing,JEEP,AVENGER,2,2,1.0
2026-07-11T08:45:46,leasing,KIA,CEED,6,0,0.0
2026-07-11T08:45:46,leasing,KIA,E-NIRO,1,1,1.0
2026-07-11T08:45:46,leasing,KIA,EV6,1,1,1.0
2026-07-11T08:45:46,leasing,KIA,NIRO,1,0,0.0
2026-07-11T08:45:46,leasing,KIA,NIRO EV,5,5,1.0
2026-07-11T08:45:46,leasing,KIA,PICANTO,1,0,0.0
2026-07-11T08:45:46,leasing,KIA,PROCEED,1,0,0.0
2026-07-11T08:45:46,leasing,KIA,SPORTAGE,10,0,0.0
2026-07-11T08:45:46,leasing,KIA,STONIC,15,0,0.0
2026-07-11T08:45:46,leasing,KIA,XCEED,1,0,0.0
2026-07-11T08:45:46,leasing,MAZDA,CX-5,1,0,0.0
2026-07-11T08:45:46,leasing,MERCEDES-BENZ,CLA COUPE,1,0,0.0
2026-07-11T08:45:46,leasing,MERCEDES-BENZ,CLASSE A,4,0,0.0
2026-07-11T08:45:46,leasing,MERCEDES-BENZ,CLASSE CLA,3,0,0.0
2026-07-11T08:45:46,leasing,MERCEDES-BENZ,CLASSE GLA,1,0,0.0
2026-07-11T08:45:46,leasing,MINI,COUNTRYMAN,2,0,0.0
2026-07-11T08:45:46,leasing,NISSAN,LEAF,1,1,1.0
2026-07-11T08:45:46,leasing,NISSAN,QASHQAI,10,0,0.0
2026-07-11T08:45:46,leasing,NISSAN,X-TRAIL,2,0,0.0
2026-07-11T08:45:46,leasing,OPEL,ASTRA,1,0,0.0
2026-07-11T08:45:46,leasing,OPEL,CORSA,4,0,0.0
2026-07-11T08:45:46,leasing,OPEL,CROSSLAND,3,0,0.0
2026-07-11T08:45:46,leasing,OPEL,E-CORSA,1,1,1.0
2026-07-11T08:45:46,leasing,OPEL,GRANDLAND,3,0,0.0
2026-07-11T08:45:46,leasing,PEUGEOT,2008,30,0,0.0
2026-07-11T08:45:46,leasing,PEUGEOT,208,9,0,0.0
2026-07-11T08:45:46,leasing,PEUGEOT,3008,47,0,0.0
2026-07-11T08:45:46,leasing,PEUGEOT,308,9,0,0.0
2026-07-11T08:45:46,leasing,PEUGEOT,308 SW,5,0,0.0
2026-07-11T08:45:46,leasing,PEUGEOT,5008,23,0,0.0
2026-07-11T08:45:46,leasing,PEUGEOT,E-2008,6,6,1.0
2026-07-11T08:45:46,leasing,PEUGEOT,E-208,1,1,1.0
2026-07-11T08:45:46,leasing,PEUGEOT,EXPERT,7,0,0.0
2026-07-11T08:45:46,leasing,PEUGEOT,PARTNER,7,0,0.0
2026-07-11T08:45:46,leasing,RENAULT,ARKANA,15,0,0.0
2026-07-11T08:45:46,leasing,RENAULT,AUSTRAL,4,0,0.0
2026-07-11T08:45:46,leasing,RENAULT,CAPTUR,21,0,0.0
2026-07-11T08:45:46,leasing,RENAULT,CLIO,20,0,0.0
2026-07-11T08:45:46,leasing,RENAULT,ESPACE,1,0,0.0
2026-07-11T08:45:46,leasing,RENAULT,EXPRESS,24,0,0.0
2026-07-11T08:45:46,leasing,RENAULT,KADJAR,1,0,0.0
2026-07-11T08:45:46,leasing,RENAULT,KANGOO,3,0,0.0
2026-07-11T08:45:46,leasing,RENAULT,KANGOO EXPRESS,1,0,0.0
2026-07-11T08:45:46,leasing,RENAULT,MASTER,1,0,0.0
2026-07-11T08:45:46,leasing,RENAULT,MEGANE,19,0,0.0
2026-07-11T08:45:46,leasing,RENAULT,MEGANE E-TECH,2,2,1.0
2026-07-11T08:45:46,leasing,RENAULT,SCENIC,8,0,0.0
2026-07-11T08:45:46,leasing,RENAULT,TRAFIC,10,0,0.0
2026-07-11T08:45:46,leasing,SEAT,ARONA,1,0,0.0
2026-07-11T08:45:46,leasing,SEAT,TARRACO,1,0,0.0
2026-07-11T08:45:46,leasing,SKODA,FABIA,7,0,0.0
2026-07-11T08:45:46,leasing,SKODA,KAMIQ,6,0,0.0
2026-07-11T08:45:46,leasing,SKODA,KAROQ,3,0,0.0
2026-07-11T08:45:46,leasing,SKODA,KODIAQ,4,0,0.0
2026-07-11T08:45:46,leasing,SUZUKI,VITARA,1,0,0.0
2026-07-11T08:45:46,leasing,TESLA,MODEL 3,5,5,1.0
2026-07-11T08:45:46,leasing,TESLA,MODEL Y,7,7,1.0
2026-07-11T08:45:46,leasing,TOYOTA,AYGO X,3,0,0.0
2026-07-11T08:45:46,leasing,TOYOTA,C-HR,6,0,0.0
2026-07-11T08:45:46,leasing,TOYOTA,COROLLA,3,0,0.0
2026-07-11T08:45:46,leasing,TOYOTA,COROLLA TS,9,0,0.0
2026-07-11T08:45:46,leasing,TOYOTA,PROACE CITY,1,0,0.0
2026-07-11T08:45:46,leasing,TOYOTA,RAV4 HSD,3,0,0.0
2026-07-11T08:45:46,leasing,TOYOTA,RAV4 PLUG IN,5,0,0.0
2026-07-11T08:45:46,leasing,TOYOTA,YARIS,4,0,0.0
2026-07-11T08:45:46,leasing,TOYOTA,YARIS CROSS,1,0,0.0
2026-07-11T08:45:46,leasing,TOYOTA,YARIS HYBRID,3,0,0.0
2026-07-11T08:45:46,leasing,VOLKSWAGEN,GOLF,11,0,0.0
2026-07-11T08:45:46,leasing,VOLKSWAGEN,POLO,5,0,0.0
2026-07-11T08:45:46,leasing,VOLKSWAGEN,T-ROC,4,0,0.0
2026-07-11T08:45:46,leasing,VOLKSWAGEN,TAIGO,1,0,0.0
2026-07-11T08:45:46,leasing,VOLKSWAGEN,TIGUAN,3,0,0.0
2026-07-11T08:45:46,leasing,VOLKSWAGEN,TIGUAN ALLSPACE,2,0,0.0
2026-07-11T08:45:46,leasing,VOLKSWAGEN,TOURAN,3,0,0.0
2026-07-11T08:45:46,leasing,VOLKSWAGEN,TRANSPORTER,1,0,0.0
2026-07-11T08:45:46,cash,AUDI,A3 SPORTBACK,7,0,0.0
2026-07-11T08:45:46,cash,AUDI,Q5,1,0,0.0
2026-07-11T08:45:46,cash,BMW,IX3,1,1,1.0
2026-07-11T08:45:46,cash,BMW,SERIE 1,11,0,0.0
2026-07-11T08:45:46,cash,BMW,SERIE 2,1,0,0.0
2026-07-11T08:45:46,cash,BMW,SERIE 2 ACTIVE TOURE,1,0,0.0
2026-07-11T08:45:46,cash,BMW,SERIE 3,1,0,0.0
2026-07-11T08:45:46,cash,BMW,SERIE 4 GC,2,0,0.0
2026-07-11T08:45:46,cash,BMW,X1,12,0,0.0
2026-07-11T08:45:46,cash,BMW,X2,2,0,0.0
2026-07-11T08:45:46,cash,BMW,X3,7,0,0.0
2026-07-11T08:45:46,cash,BMW,X5,1,0,0.0
2026-07-11T08:45:46,cash,CITROEN,BERLINGO,12,0,0.0
2026-07-11T08:45:46,cash,CITROEN,C3,15,0,0.0
2026-07-11T08:45:46,cash,CITROEN,C3 AIRCROSS,9,0,0.0
2026-07-11T08:45:46,cash,CITROEN,C4,3,0,0.0
2026-07-11T08:45:46,cash,CITROEN,C4 SPACETOURER,1,0,0.0
2026-07-11T08:45:46,cash,CITROEN,C5 AIRCROSS,13,0,0.0
2026-07-11T08:45:46,cash,CITROEN,C5 X,5,0,0.0
2026-07-11T08:45:46,cash,CITROEN,E-C4,1,1,1.0
2026-07-11T08:45:46,cash,CITROEN,GRAND C4 SPACETOURER,1,0,0.0
2026-07-11T08:45:46,cash,CITROEN,JUMPER,1,0,0.0
2026-07-11T08:45:46,cash,CITROEN,JUMPY,7,0,0.0
2026-07-11T08:45:46,cash,DACIA,SANDERO,1,0,0.0
2026-07-11T08:45:46,cash,DS,DS3,1,0,0.0
2026-07-11T08:45:46,cash,DS,DS3 CROSSBACK,3,2,0.6667
2026-07-11T08:45:46,cash,DS,DS4,1,0,0.0
2026-07-11T08:45:46,cash,DS,DS7,2,0,0.0
2026-07-11T08:45:46,cash,FIAT,500,3,0,0.0
2026-07-11T08:45:46,cash,FORD,KUGA,9,0,0.0
2026-07-11T08:45:46,cash,FORD,PUMA,4,0,0.0
2026-07-11T08:45:46,cash,FORD,TRANSIT CUSTOM,1,0,0.0
2026-07-11T08:45:46,cash,HYUNDAI,IONIQ,1,1,1.0
2026-07-11T08:45:46,cash,HYUNDAI,TUCSON,13,0,0.0
2026-07-11T08:45:46,cash,JEEP,AVENGER,2,2,1.0
2026-07-11T08:45:46,cash,KIA,CEED,6,0,0.0
2026-07-11T08:45:46,cash,KIA,E-NIRO,1,1,1.0
2026-07-11T08:45:46,cash,KIA,EV6,1,1,1.0
2026-07-11T08:45:46,cash,KIA,NIRO,1,0,0.0
2026-07-11T08:45:46,cash,KIA,NIRO EV,5,5,1.0
2026-07-11T08:45:46,cash,KIA,PICANTO,1,0,0.0
2026-07-11T08:45:46,cash,KIA,PROCEED,1,0,0.0
2026-07-11T08:45:46,cash,KIA,SPORTAGE,12,0,0.0
2026-07-11T08:45:46,cash,KIA,STONIC,15,0,0.0
2026-07-11T08:45:46,cash,KIA,XCEED,1,0,0.0
2026-07-11T08:45:46,cash,MAZDA,CX-5,1,0,0.0
2026-07-11T08:45:46,cash,MAZDA,MAZDA3,1,0,0.0
2026-07-11T08:45:46,cash,MERCEDES-BENZ,CLA COUPE,1,0,0.0
2026-07-11T08:45:46,cash,MERCEDES-BENZ,CLASSE A,6,0,0.0
2026-07-11T08:45:46,cash,MERCEDES-BENZ,CLASSE CLA,3,0,0.0
2026-07-11T08:45:46,cash,MERCEDES-BENZ,CLASSE GLA,1,0,0.0
2026-07-11T08:45:46,cash,MERCEDES-BENZ,GLB,1,0,0.0
2026-07-11T08:45:46,cash,MINI,COUNTRYMAN,2,0,0.0
2026-07-11T08:45:46,cash,MINI,MINI,2,0,0.0
2026-07-11T08:45:46,cash,NISSAN,LEAF,1,1,1.0
2026-07-11T08:45:46,cash,NISSAN,QASHQAI,11,0,0.0
2026-07-11T08:45:46,cash,NISSAN,X-TRAIL,2,0,0.0
2026-07-11T08:45:46,cash,OPEL,ASTRA,1,0,0.0
2026-07-11T08:45:46,cash,OPEL,CORSA,4,0,0.0
2026-07-11T08:45:46,cash,OPEL,CROSSLAND,3,0,0.0
2026-07-11T08:45:46,cash,OPEL,E-CORSA,1,1,1.0
2026-07-11T08:45:46,cash,OPEL,GRANDLAND,3,0,0.0
2026-07-11T08:45:46,cash,OPEL,GRANDLAND X,1,0,0.0
2026-07-11T08:45:46,cash,PEUGEOT,108,1,0,0.0
2026-07-11T08:45:46,cash,PEUGEOT,2008,34,0,0.0
2026-07-11T08:45:46,cash,PEUGEOT,208,12,0,0.0
2026-07-11T08:45:46,cash,PEUGEOT,3008,54,0,0.0
2026-07-11T08:45:46,cash,PEUGEOT,308,10,0,0.0
2026-07-11T08:45:46,cash,PEUGEOT,308 SW,5,0,0.0
2026-07-11T08:45:46,cash,PEUGEOT,5008,24,0,0.0
2026-07-11T08:45:46,cash,PEUGEOT,E-2008,6,6,1.0
2026-07-11T08:45:46,cash,PEUGEOT,E-208,3,3,1.0
2026-07-11T08:45:46,cash,PEUGEOT,E-308,1,1,1.0
2026-07-11T08:45:46,cash,PEUGEOT,EXPERT,7,0,0.0
2026-07-11T08:45:46,cash,PEUGEOT,PARTNER,9,0,0.0
2026-07-11T08:45:46,cash,RENAULT,ARKANA,15,0,0.0
2026-07-11T08:45:46,cash,RENAULT,AUSTRAL,4,0,0.0
2026-07-11T08:45:46,cash,RENAULT,CAPTUR,25,0,0.0
2026-07-11T08:45:46,cash,RENAULT,CLIO,28,0,0.0
2026-07-11T08:45:46,cash,RENAULT,ESPACE,1,0,0.0
2026-07-11T08:45:46,cash,RENAULT,EXPRESS,24,0,0.0
2026-07-11T08:45:46,cash,RENAULT,KADJAR,2,0,0.0
2026-07-11T08:45:46,cash,RENAULT,KANGOO,3,0,0.0
2026-07-11T08:45:46,cash,RENAULT,KANGOO EXPRESS,1,0,0.0
2026-07-11T08:45:46,cash,RENAULT,MASTER,1,0,0.0
2026-07-11T08:45:46,cash,RENAULT,MEGANE,25,0,0.0
2026-07-11T08:45:46,cash,RENAULT,MEGANE E-TECH,2,2,1.0
2026-07-11T08:45:46,cash,RENAULT,SCENIC,8,0,0.0
2026-07-11T08:45:46,cash,RENAULT,SYMBIOZ,1,0,0.0
2026-07-11T08:45:46,cash,RENAULT,TRAFIC,10,0,0.0
2026-07-11T08:45:46,cash,RENAULT,TWINGO,1,0,0.0
2026-07-11T08:45:46,cash,SEAT,ARONA,1,0,0.0
2026-07-11T08:45:46,cash,SEAT,TARRACO,1,0,0.0
2026-07-11T08:45:46,cash,SKODA,FABIA,7,0,0.0
2026-07-11T08:45:46,cash,SKODA,KAMIQ,6,0,0.0
2026-07-11T08:45:46,cash,SKODA,KAROQ,3,0,0.0
2026-07-11T08:45:46,cash,SKODA,KODIAQ,4,0,0.0
2026-07-11T08:45:46,cash,SMART,1,1,1,1.0
2026-07-11T08:45:46,cash,SUZUKI,VITARA,1,0,0.0
2026-07-11T08:45:46,cash,TESLA,MODEL 3,6,6,1.0
2026-07-11T08:45:46,cash,TESLA,MODEL Y,7,7,1.0
2026-07-11T08:45:46,cash,TOYOTA,AYGO X,3,0,0.0
2026-07-11T08:45:46,cash,TOYOTA,C-HR,7,0,0.0
2026-07-11T08:45:46,cash,TOYOTA,COROLLA,4,0,0.0
2026-07-11T08:45:46,cash,TOYOTA,COROLLA TS,9,0,0.0
2026-07-11T08:45:46,cash,TOYOTA,PROACE CITY,1,0,0.0
2026-07-11T08:45:46,cash,TOYOTA,RAV4 HSD,3,0,0.0
2026-07-11T08:45:46,cash,TOYOTA,RAV4 PLUG IN,5,0,0.0
2026-07-11T08:45:46,cash,TOYOTA,YARIS,4,0,0.0
2026-07-11T08:45:46,cash,TOYOTA,YARIS CROSS,1,0,0.0
2026-07-11T08:45:46,cash,TOYOTA,YARIS HYBRID,3,0,0.0
2026-07-11T08:45:46,cash,VOLKSWAGEN,GOLF,12,0,0.0
2026-07-11T08:45:46,cash,VOLKSWAGEN,POLO,5,0,0.0
2026-07-11T08:45:46,cash,VOLKSWAGEN,T-ROC,6,0,0.0
2026-07-11T08:45:46,cash,VOLKSWAGEN,TAIGO,2,0,0.0
2026-07-11T08:45:46,cash,VOLKSWAGEN,TIGUAN,4,0,0.0
2026-07-11T08:45:46,cash,VOLKSWAGEN,TIGUAN ALLSPACE,4,0,0.0
2026-07-11T08:45:46,cash,VOLKSWAGEN,TOURAN,3,0,0.0
2026-07-11T08:45:46,cash,VOLKSWAGEN,TRANSPORTER,1,0,0.0
2026-07-12T09:00:44,leasing,AUDI,A3 SPORTBACK,6,0,0.0
2026-07-12T09:00:44,leasing,AUDI,Q5,1,0,0.0
2026-07-12T09:00:44,leasing,BMW,IX3,1,1,1.0
2026-07-12T09:00:44,leasing,BMW,SERIE 1,10,0,0.0
2026-07-12T09:00:44,leasing,BMW,SERIE 2,1,0,0.0
2026-07-12T09:00:44,leasing,BMW,SERIE 2 ACTIVE TOURE,1,0,0.0
2026-07-12T09:00:44,leasing,BMW,SERIE 3,1,0,0.0
2026-07-12T09:00:44,leasing,BMW,SERIE 4 GC,2,0,0.0
2026-07-12T09:00:44,leasing,BMW,X1,9,0,0.0
2026-07-12T09:00:44,leasing,BMW,X2,2,0,0.0
2026-07-12T09:00:44,leasing,BMW,X3,5,0,0.0
2026-07-12T09:00:44,leasing,CITROEN,BERLINGO,9,0,0.0
2026-07-12T09:00:44,leasing,CITROEN,C3,11,0,0.0
2026-07-12T09:00:44,leasing,CITROEN,C3 AIRCROSS,9,0,0.0
2026-07-12T09:00:44,leasing,CITROEN,C4,3,0,0.0
2026-07-12T09:00:44,leasing,CITROEN,C5 AIRCROSS,13,0,0.0
2026-07-12T09:00:44,leasing,CITROEN,C5 X,5,0,0.0
2026-07-12T09:00:44,leasing,CITROEN,GRAND C4 SPACETOURER,1,0,0.0
2026-07-12T09:00:44,leasing,CITROEN,JUMPER,1,0,0.0
2026-07-12T09:00:44,leasing,CITROEN,JUMPY,5,0,0.0
2026-07-12T09:00:44,leasing,DACIA,SANDERO,1,0,0.0
2026-07-12T09:00:44,leasing,DS,DS3,1,0,0.0
2026-07-12T09:00:44,leasing,DS,DS3 CROSSBACK,3,2,0.6667
2026-07-12T09:00:44,leasing,DS,DS4,1,0,0.0
2026-07-12T09:00:44,leasing,DS,DS7,2,0,0.0
2026-07-12T09:00:44,leasing,FIAT,500,3,0,0.0
2026-07-12T09:00:44,leasing,FORD,KUGA,8,0,0.0
2026-07-12T09:00:44,leasing,FORD,PUMA,3,0,0.0
2026-07-12T09:00:44,leasing,HYUNDAI,IONIQ,1,1,1.0
2026-07-12T09:00:44,leasing,HYUNDAI,SANTA FE,1,0,0.0
2026-07-12T09:00:44,leasing,HYUNDAI,TUCSON,12,0,0.0
2026-07-12T09:00:44,leasing,JEEP,AVENGER,2,2,1.0
2026-07-12T09:00:44,leasing,KIA,CEED,6,0,0.0
2026-07-12T09:00:44,leasing,KIA,E-NIRO,1,1,1.0
2026-07-12T09:00:44,leasing,KIA,NIRO,1,0,0.0
2026-07-12T09:00:44,leasing,KIA,NIRO EV,5,5,1.0
2026-07-12T09:00:44,leasing,KIA,PICANTO,1,0,0.0
2026-07-12T09:00:44,leasing,KIA,PROCEED,1,0,0.0
2026-07-12T09:00:44,leasing,KIA,SORENTO,1,0,0.0
2026-07-12T09:00:44,leasing,KIA,SPORTAGE,9,0,0.0
2026-07-12T09:00:44,leasing,KIA,STONIC,14,0,0.0
2026-07-12T09:00:44,leasing,KIA,XCEED,1,0,0.0
2026-07-12T09:00:44,leasing,MAZDA,CX-5,1,0,0.0
2026-07-12T09:00:44,leasing,MERCEDES-BENZ,CLA COUPE,1,0,0.0
2026-07-12T09:00:44,leasing,MERCEDES-BENZ,CLASSE A,5,0,0.0
2026-07-12T09:00:44,leasing,MERCEDES-BENZ,CLASSE CLA,3,0,0.0
2026-07-12T09:00:44,leasing,MERCEDES-BENZ,CLASSE GLA,1,0,0.0
2026-07-12T09:00:44,leasing,MINI,COUNTRYMAN,2,0,0.0
2026-07-12T09:00:44,leasing,NISSAN,LEAF,1,1,1.0
2026-07-12T09:00:44,leasing,NISSAN,QASHQAI,9,0,0.0
2026-07-12T09:00:44,leasing,NISSAN,X-TRAIL,3,0,0.0
2026-07-12T09:00:44,leasing,OPEL,ASTRA,1,0,0.0
2026-07-12T09:00:44,leasing,OPEL,CORSA,4,0,0.0
2026-07-12T09:00:44,leasing,OPEL,CROSSLAND,3,0,0.0
2026-07-12T09:00:44,leasing,OPEL,E-CORSA,1,1,1.0
2026-07-12T09:00:44,leasing,OPEL,GRANDLAND,2,0,0.0
2026-07-12T09:00:44,leasing,PEUGEOT,2008,30,0,0.0
2026-07-12T09:00:44,leasing,PEUGEOT,208,9,0,0.0
2026-07-12T09:00:44,leasing,PEUGEOT,3008,48,0,0.0
2026-07-12T09:00:44,leasing,PEUGEOT,308,9,0,0.0
2026-07-12T09:00:44,leasing,PEUGEOT,308 SW,5,0,0.0
2026-07-12T09:00:44,leasing,PEUGEOT,5008,21,0,0.0
2026-07-12T09:00:44,leasing,PEUGEOT,E-2008,6,6,1.0
2026-07-12T09:00:44,leasing,PEUGEOT,E-208,3,3,1.0
2026-07-12T09:00:44,leasing,PEUGEOT,EXPERT,6,0,0.0
2026-07-12T09:00:44,leasing,PEUGEOT,PARTNER,7,0,0.0
2026-07-12T09:00:44,leasing,RENAULT,ARKANA,15,0,0.0
2026-07-12T09:00:44,leasing,RENAULT,AUSTRAL,5,0,0.0
2026-07-12T09:00:44,leasing,RENAULT,CAPTUR,20,0,0.0
2026-07-12T09:00:44,leasing,RENAULT,CLIO,23,0,0.0
2026-07-12T09:00:44,leasing,RENAULT,ESPACE,2,0,0.0
2026-07-12T09:00:44,leasing,RENAULT,EXPRESS,24,0,0.0
2026-07-12T09:00:44,leasing,RENAULT,KADJAR,1,0,0.0
2026-07-12T09:00:44,leasing,RENAULT,KANGOO,3,0,0.0
2026-07-12T09:00:44,leasing,RENAULT,KANGOO EXPRESS,1,0,0.0
2026-07-12T09:00:44,leasing,RENAULT,MASTER,1,0,0.0
2026-07-12T09:00:44,leasing,RENAULT,MEGANE,19,0,0.0
2026-07-12T09:00:44,leasing,RENAULT,MEGANE E-TECH,2,2,1.0
2026-07-12T09:00:44,leasing,RENAULT,SCENIC,8,0,0.0
2026-07-12T09:00:44,leasing,RENAULT,TRAFIC,10,0,0.0
2026-07-12T09:00:44,leasing,SEAT,TARRACO,1,0,0.0
2026-07-12T09:00:44,leasing,SKODA,FABIA,7,0,0.0
2026-07-12T09:00:44,leasing,SKODA,KAMIQ,6,0,0.0
2026-07-12T09:00:44,leasing,SKODA,KAROQ,3,0,0.0
2026-07-12T09:00:44,leasing,SKODA,KODIAQ,4,0,0.0
2026-07-12T09:00:44,leasing,SUZUKI,VITARA,1,0,0.0
2026-07-12T09:00:44,leasing,TESLA,MODEL 3,5,5,1.0
2026-07-12T09:00:44,leasing,TESLA,MODEL Y,7,7,1.0
2026-07-12T09:00:44,leasing,TOYOTA,AYGO X,3,0,0.0
2026-07-12T09:00:44,leasing,TOYOTA,C-HR,6,0,0.0
2026-07-12T09:00:44,leasing,TOYOTA,COROLLA,3,0,0.0
2026-07-12T09:00:44,leasing,TOYOTA,COROLLA TS,10,0,0.0
2026-07-12T09:00:44,leasing,TOYOTA,PROACE CITY,1,0,0.0
2026-07-12T09:00:44,leasing,TOYOTA,RAV4 HSD,3,0,0.0
2026-07-12T09:00:44,leasing,TOYOTA,RAV4 PLUG IN,5,0,0.0
2026-07-12T09:00:44,leasing,TOYOTA,YARIS,4,0,0.0
2026-07-12T09:00:44,leasing,TOYOTA,YARIS CROSS,2,0,0.0
2026-07-12T09:00:44,leasing,TOYOTA,YARIS HYBRID,3,0,0.0
2026-07-12T09:00:44,leasing,VOLKSWAGEN,GOLF,11,0,0.0
2026-07-12T09:00:44,leasing,VOLKSWAGEN,POLO,5,0,0.0
2026-07-12T09:00:44,leasing,VOLKSWAGEN,T-ROC,4,0,0.0
2026-07-12T09:00:44,leasing,VOLKSWAGEN,TAIGO,1,0,0.0
2026-07-12T09:00:44,leasing,VOLKSWAGEN,TIGUAN,3,0,0.0
2026-07-12T09:00:44,leasing,VOLKSWAGEN,TIGUAN ALLSPACE,2,0,0.0
2026-07-12T09:00:44,leasing,VOLKSWAGEN,TOURAN,3,0,0.0
2026-07-12T09:00:44,leasing,VOLKSWAGEN,TRANSPORTER,1,0,0.0
2026-07-12T09:00:44,cash,AUDI,A3 SPORTBACK,7,0,0.0
2026-07-12T09:00:44,cash,AUDI,Q5,1,0,0.0
2026-07-12T09:00:44,cash,BMW,IX3,1,1,1.0
2026-07-12T09:00:44,cash,BMW,SERIE 1,10,0,0.0
2026-07-12T09:00:44,cash,BMW,SERIE 2,1,0,0.0
2026-07-12T09:00:44,cash,BMW,SERIE 2 ACTIVE TOURE,1,0,0.0
2026-07-12T09:00:44,cash,BMW,SERIE 3,1,0,0.0
2026-07-12T09:00:44,cash,BMW,SERIE 4 GC,2,0,0.0
2026-07-12T09:00:44,cash,BMW,X1,11,0,0.0
2026-07-12T09:00:44,cash,BMW,X2,2,0,0.0
2026-07-12T09:00:44,cash,BMW,X3,6,0,0.0
2026-07-12T09:00:44,cash,BMW,X5,1,0,0.0
2026-07-12T09:00:44,cash,CITROEN,BERLINGO,11,0,0.0
2026-07-12T09:00:44,cash,CITROEN,C3,15,0,0.0
2026-07-12T09:00:44,cash,CITROEN,C3 AIRCROSS,9,0,0.0
2026-07-12T09:00:44,cash,CITROEN,C4,3,0,0.0
2026-07-12T09:00:44,cash,CITROEN,C4 SPACETOURER,1,0,0.0
2026-07-12T09:00:44,cash,CITROEN,C5 AIRCROSS,13,0,0.0
2026-07-12T09:00:44,cash,CITROEN,C5 X,5,0,0.0
2026-07-12T09:00:44,cash,CITROEN,E-C4,1,1,1.0
2026-07-12T09:00:44,cash,CITROEN,GRAND C4 SPACETOURER,1,0,0.0
2026-07-12T09:00:44,cash,CITROEN,JUMPER,1,0,0.0
2026-07-12T09:00:44,cash,CITROEN,JUMPY,6,0,0.0
2026-07-12T09:00:44,cash,DACIA,SANDERO,1,0,0.0
2026-07-12T09:00:44,cash,DS,DS3,1,0,0.0
2026-07-12T09:00:44,cash,DS,DS3 CROSSBACK,3,2,0.6667
2026-07-12T09:00:44,cash,DS,DS4,1,0,0.0
2026-07-12T09:00:44,cash,DS,DS7,2,0,0.0
2026-07-12T09:00:44,cash,FIAT,500,3,0,0.0
2026-07-12T09:00:44,cash,FORD,KUGA,9,0,0.0
2026-07-12T09:00:44,cash,FORD,PUMA,4,0,0.0
2026-07-12T09:00:44,cash,FORD,TRANSIT CUSTOM,1,0,0.0
2026-07-12T09:00:44,cash,HYUNDAI,IONIQ,1,1,1.0
2026-07-12T09:00:44,cash,HYUNDAI,SANTA FE,1,0,0.0
2026-07-12T09:00:44,cash,HYUNDAI,TUCSON,12,0,0.0
2026-07-12T09:00:44,cash,JEEP,AVENGER,2,2,1.0
2026-07-12T09:00:44,cash,KIA,CEED,6,0,0.0
2026-07-12T09:00:44,cash,KIA,E-NIRO,1,1,1.0
2026-07-12T09:00:44,cash,KIA,NIRO,1,0,0.0
2026-07-12T09:00:44,cash,KIA,NIRO EV,5,5,1.0
2026-07-12T09:00:44,cash,KIA,PICANTO,1,0,0.0
2026-07-12T09:00:44,cash,KIA,PROCEED,1,0,0.0
2026-07-12T09:00:44,cash,KIA,SORENTO,1,0,0.0
2026-07-12T09:00:44,cash,KIA,SPORTAGE,11,0,0.0
2026-07-12T09:00:44,cash,KIA,STONIC,14,0,0.0
2026-07-12T09:00:44,cash,KIA,XCEED,1,0,0.0
2026-07-12T09:00:44,cash,MAZDA,CX-5,1,0,0.0
2026-07-12T09:00:44,cash,MAZDA,MAZDA3,1,0,0.0
2026-07-12T09:00:44,cash,MERCEDES-BENZ,CLA COUPE,1,0,0.0
2026-07-12T09:00:44,cash,MERCEDES-BENZ,CLASSE A,7,0,0.0
2026-07-12T09:00:44,cash,MERCEDES-BENZ,CLASSE CLA,3,0,0.0
2026-07-12T09:00:44,cash,MERCEDES-BENZ,CLASSE GLA,1,0,0.0
2026-07-12T09:00:44,cash,MERCEDES-BENZ,GLB,1,0,0.0
2026-07-12T09:00:44,cash,MINI,COUNTRYMAN,2,0,0.0
2026-07-12T09:00:44,cash,MINI,MINI,2,0,0.0
2026-07-12T09:00:44,cash,NISSAN,LEAF,1,1,1.0
2026-07-12T09:00:44,cash,NISSAN,QASHQAI,10,0,0.0
2026-07-12T09:00:44,cash,NISSAN,X-TRAIL,3,0,0.0
2026-07-12T09:00:44,cash,OPEL,ASTRA,1,0,0.0
2026-07-12T09:00:44,cash,OPEL,CORSA,4,0,0.0
2026-07-12T09:00:44,cash,OPEL,CROSSLAND,3,0,0.0
2026-07-12T09:00:44,cash,OPEL,E-CORSA,1,1,1.0
2026-07-12T09:00:44,cash,OPEL,GRANDLAND,2,0,0.0
2026-07-12T09:00:44,cash,OPEL,GRANDLAND X,1,0,0.0
2026-07-12T09:00:44,cash,PEUGEOT,108,1,0,0.0
2026-07-12T09:00:44,cash,PEUGEOT,2008,34,0,0.0
2026-07-12T09:00:44,cash,PEUGEOT,208,11,0,0.0
2026-07-12T09:00:44,cash,PEUGEOT,3008,55,0,0.0
2026-07-12T09:00:44,cash,PEUGEOT,308,10,0,0.0
2026-07-12T09:00:44,cash,PEUGEOT,308 SW,5,0,0.0
2026-07-12T09:00:44,cash,PEUGEOT,5008,22,0,0.0
2026-07-12T09:00:44,cash,PEUGEOT,E-2008,6,6,1.0
2026-07-12T09:00:44,cash,PEUGEOT,E-208,5,5,1.0
2026-07-12T09:00:44,cash,PEUGEOT,E-308,1,1,1.0
2026-07-12T09:00:44,cash,PEUGEOT,EXPERT,6,0,0.0
2026-07-12T09:00:44,cash,PEUGEOT,PARTNER,9,0,0.0
2026-07-12T09:00:44,cash,RENAULT,ARKANA,15,0,0.0
2026-07-12T09:00:44,cash,RENAULT,AUSTRAL,5,0,0.0
2026-07-12T09:00:44,cash,RENAULT,CAPTUR,24,0,0.0
2026-07-12T09:00:44,cash,RENAULT,CLIO,31,0,0.0
2026-07-12T09:00:44,cash,RENAULT,ESPACE,2,0,0.0
2026-07-12T09:00:44,cash,RENAULT,EXPRESS,24,0,0.0
2026-07-12T09:00:44,cash,RENAULT,KADJAR,2,0,0.0
2026-07-12T09:00:44,cash,RENAULT,KANGOO,3,0,0.0
2026-07-12T09:00:44,cash,RENAULT,KANGOO EXPRESS,1,0,0.0
2026-07-12T09:00:44,cash,RENAULT,MASTER,1,0,0.0
2026-07-12T09:00:44,cash,RENAULT,MEGANE,25,0,0.0
2026-07-12T09:00:44,cash,RENAULT,MEGANE E-TECH,2,2,1.0
2026-07-12T09:00:44,cash,RENAULT,SCENIC,8,0,0.0
2026-07-12T09:00:44,cash,RENAULT,SYMBIOZ,1,0,0.0
2026-07-12T09:00:44,cash,RENAULT,TRAFIC,10,0,0.0
2026-07-12T09:00:44,cash,RENAULT,TWINGO,1,0,0.0
2026-07-12T09:00:44,cash,SEAT,TARRACO,1,0,0.0
2026-07-12T09:00:44,cash,SKODA,FABIA,7,0,0.0
2026-07-12T09:00:44,cash,SKODA,KAMIQ,6,0,0.0
2026-07-12T09:00:44,cash,SKODA,KAROQ,3,0,0.0
2026-07-12T09:00:44,cash,SKODA,KODIAQ,4,0,0.0
2026-07-12T09:00:44,cash,SMART,1,1,1,1.0
2026-07-12T09:00:44,cash,SUZUKI,VITARA,1,0,0.0
2026-07-12T09:00:44,cash,TESLA,MODEL 3,6,6,1.0
2026-07-12T09:00:44,cash,TESLA,MODEL Y,7,7,1.0
2026-07-12T09:00:44,cash,TOYOTA,AYGO X,3,0,0.0
2026-07-12T09:00:44,cash,TOYOTA,C-HR,7,0,0.0
2026-07-12T09:00:44,cash,TOYOTA,COROLLA,4,0,0.0
2026-07-12T09:00:44,cash,TOYOTA,COROLLA TS,10,0,0.0
2026-07-12T09:00:44,cash,TOYOTA,PROACE CITY,1,0,0.0
2026-07-12T09:00:44,cash,TOYOTA,RAV4 HSD,4,0,0.0
2026-07-12T09:00:44,cash,TOYOTA,RAV4 PLUG IN,5,0,0.0
2026-07-12T09:00:44,cash,TOYOTA,YARIS,4,0,0.0
2026-07-12T09:00:44,cash,TOYOTA,YARIS CROSS,2,0,0.0
2026-07-12T09:00:44,cash,TOYOTA,YARIS HYBRID,3,0,0.0
2026-07-12T09:00:44,cash,VOLKSWAGEN,GOLF,12,0,0.0
2026-07-12T09:00:44,cash,VOLKSWAGEN,POLO,5,0,0.0
2026-07-12T09:00:44,cash,VOLKSWAGEN,T-ROC,6,0,0.0
2026-07-12T09:00:44,cash,VOLKSWAGEN,TAIGO,2,0,0.0
2026-07-12T09:00:44,cash,VOLKSWAGEN,TIGUAN,4,0,0.0
2026-07-12T09:00:44,cash,VOLKSWAGEN,TIGUAN ALLSPACE,4,0,0.0
2026-07-12T09:00:44,cash,VOLKSWAGEN,TOURAN,3,0,0.0
2026-07-12T09:00:44,cash,VOLKSWAGEN,TRANSPORTER,1,0,0.0
2026-07-13T10:44:07,leasing,AUDI,A3 SPORTBACK,6,0,0.0
2026-07-13T10:44:07,leasing,AUDI,Q5,1,0,0.0
2026-07-13T10:44:07,leasing,BMW,IX1,1,1,1.0
2026-07-13T10:44:07,leasing,BMW,IX3,1,1,1.0
2026-07-13T10:44:07,leasing,BMW,SERIE 1,11,0,0.0
2026-07-13T10:44:07,leasing,BMW,SERIE 2 ACTIVE TOURE,1,0,0.0
2026-07-13T10:44:07,leasing,BMW,SERIE 3,1,0,0.0
2026-07-13T10:44:07,leasing,BMW,SERIE 4 GC,2,0,0.0
2026-07-13T10:44:07,leasing,BMW,X1,9,0,0.0
2026-07-13T10:44:07,leasing,BMW,X2,2,0,0.0
2026-07-13T10:44:07,leasing,BMW,X3,5,0,0.0
2026-07-13T10:44:07,leasing,CITROEN,BERLINGO,9,0,0.0
2026-07-13T10:44:07,leasing,CITROEN,C3,11,0,0.0
2026-07-13T10:44:07,leasing,CITROEN,C3 AIRCROSS,9,0,0.0
2026-07-13T10:44:07,leasing,CITROEN,C4,3,0,0.0
2026-07-13T10:44:07,leasing,CITROEN,C5 AIRCROSS,13,0,0.0
2026-07-13T10:44:07,leasing,CITROEN,C5 X,5,0,0.0
2026-07-13T10:44:07,leasing,CITROEN,GRAND C4 SPACETOURER,1,0,0.0
2026-07-13T10:44:07,leasing,CITROEN,JUMPER,1,0,0.0
2026-07-13T10:44:07,leasing,CITROEN,JUMPY,5,0,0.0
2026-07-13T10:44:07,leasing,DACIA,SANDERO,1,0,0.0
2026-07-13T10:44:07,leasing,DS,DS3,1,0,0.0
2026-07-13T10:44:07,leasing,DS,DS3 CROSSBACK,2,1,0.5
2026-07-13T10:44:07,leasing,DS,DS4,1,0,0.0
2026-07-13T10:44:07,leasing,DS,DS7,2,0,0.0
2026-07-13T10:44:07,leasing,FIAT,500,3,0,0.0
2026-07-13T10:44:07,leasing,FORD,KUGA,8,0,0.0
2026-07-13T10:44:07,leasing,FORD,PUMA,3,0,0.0
2026-07-13T10:44:07,leasing,HYUNDAI,IONIQ,1,1,1.0
2026-07-13T10:44:07,leasing,HYUNDAI,SANTA FE,1,0,0.0
2026-07-13T10:44:07,leasing,HYUNDAI,TUCSON,12,0,0.0
2026-07-13T10:44:07,leasing,JEEP,AVENGER,2,2,1.0
2026-07-13T10:44:07,leasing,KIA,CEED,6,0,0.0
2026-07-13T10:44:07,leasing,KIA,E-NIRO,1,1,1.0
2026-07-13T10:44:07,leasing,KIA,NIRO,1,0,0.0
2026-07-13T10:44:07,leasing,KIA,NIRO EV,5,5,1.0
2026-07-13T10:44:07,leasing,KIA,PICANTO,1,0,0.0
2026-07-13T10:44:07,leasing,KIA,PROCEED,1,0,0.0
2026-07-13T10:44:07,leasing,KIA,SORENTO,1,0,0.0
2026-07-13T10:44:07,leasing,KIA,SPORTAGE,9,0,0.0
2026-07-13T10:44:07,leasing,KIA,STONIC,14,0,0.0
2026-07-13T10:44:07,leasing,MAZDA,CX-5,1,0,0.0
2026-07-13T10:44:07,leasing,MERCEDES-BENZ,CLA COUPE,1,0,0.0
2026-07-13T10:44:07,leasing,MERCEDES-BENZ,CLASSE A,5,0,0.0
2026-07-13T10:44:07,leasing,MERCEDES-BENZ,CLASSE CLA,3,0,0.0
2026-07-13T10:44:07,leasing,MERCEDES-BENZ,CLASSE GLA,1,0,0.0
2026-07-13T10:44:07,leasing,MINI,COUNTRYMAN,2,0,0.0
2026-07-13T10:44:07,leasing,NISSAN,LEAF,1,1,1.0
2026-07-13T10:44:07,leasing,NISSAN,QASHQAI,9,0,0.0
2026-07-13T10:44:07,leasing,NISSAN,X-TRAIL,3,0,0.0
2026-07-13T10:44:07,leasing,OPEL,ASTRA,1,0,0.0
2026-07-13T10:44:07,leasing,OPEL,CORSA,4,0,0.0
2026-07-13T10:44:07,leasing,OPEL,CROSSLAND,3,0,0.0
2026-07-13T10:44:07,leasing,OPEL,E-CORSA,1,1,1.0
2026-07-13T10:44:07,leasing,OPEL,GRANDLAND,2,0,0.0
2026-07-13T10:44:07,leasing,PEUGEOT,2008,29,0,0.0
2026-07-13T10:44:07,leasing,PEUGEOT,208,9,0,0.0
2026-07-13T10:44:07,leasing,PEUGEOT,3008,48,0,0.0
2026-07-13T10:44:07,leasing,PEUGEOT,308,9,0,0.0
2026-07-13T10:44:07,leasing,PEUGEOT,308 SW,5,0,0.0
2026-07-13T10:44:07,leasing,PEUGEOT,5008,21,0,0.0
2026-07-13T10:44:07,leasing,PEUGEOT,E-2008,6,6,1.0
2026-07-13T10:44:07,leasing,PEUGEOT,E-208,2,2,1.0
2026-07-13T10:44:07,leasing,PEUGEOT,EXPERT,6,0,0.0
2026-07-13T10:44:07,leasing,PEUGEOT,PARTNER,8,0,0.0
2026-07-13T10:44:07,leasing,RENAULT,ARKANA,15,0,0.0
2026-07-13T10:44:07,leasing,RENAULT,AUSTRAL,5,0,0.0
2026-07-13T10:44:07,leasing,RENAULT,CAPTUR,20,0,0.0
2026-07-13T10:44:07,leasing,RENAULT,CLIO,23,0,0.0
2026-07-13T10:44:07,leasing,RENAULT,ESPACE,2,0,0.0
2026-07-13T10:44:07,leasing,RENAULT,EXPRESS,24,0,0.0
2026-07-13T10:44:07,leasing,RENAULT,KADJAR,1,0,0.0
2026-07-13T10:44:07,leasing,RENAULT,KANGOO,3,0,0.0
2026-07-13T10:44:07,leasing,RENAULT,KANGOO EXPRESS,1,0,0.0
2026-07-13T10:44:07,leasing,RENAULT,MASTER,1,0,0.0
2026-07-13T10:44:07,leasing,RENAULT,MEGANE,20,0,0.0
2026-07-13T10:44:07,leasing,RENAULT,MEGANE E-TECH,1,1,1.0
2026-07-13T10:44:07,leasing,RENAULT,SCENIC,8,0,0.0
2026-07-13T10:44:07,leasing,RENAULT,TRAFIC,10,0,0.0
2026-07-13T10:44:07,leasing,SEAT,TARRACO,1,0,0.0
2026-07-13T10:44:07,leasing,SKODA,FABIA,6,0,0.0
2026-07-13T10:44:07,leasing,SKODA,KAMIQ,6,0,0.0
2026-07-13T10:44:07,leasing,SKODA,KAROQ,3,0,0.0
2026-07-13T10:44:07,leasing,SKODA,KODIAQ,4,0,0.0
2026-07-13T10:44:07,leasing,SUZUKI,VITARA,1,0,0.0
2026-07-13T10:44:07,leasing,TESLA,MODEL 3,5,5,1.0
2026-07-13T10:44:07,leasing,TESLA,MODEL Y,7,7,1.0
2026-07-13T10:44:07,leasing,TOYOTA,AYGO X,3,0,0.0
2026-07-13T10:44:07,leasing,TOYOTA,C-HR,6,0,0.0
2026-07-13T10:44:07,leasing,TOYOTA,COROLLA,3,0,0.0
2026-07-13T10:44:07,leasing,TOYOTA,COROLLA TS,10,0,0.0
2026-07-13T10:44:07,leasing,TOYOTA,PROACE CITY,1,0,0.0
2026-07-13T10:44:07,leasing,TOYOTA,RAV4 HSD,3,0,0.0
2026-07-13T10:44:07,leasing,TOYOTA,RAV4 PLUG IN,5,0,0.0
2026-07-13T10:44:07,leasing,TOYOTA,YARIS,4,0,0.0
2026-07-13T10:44:07,leasing,TOYOTA,YARIS CROSS,2,0,0.0
2026-07-13T10:44:07,leasing,TOYOTA,YARIS HYBRID,2,0,0.0
2026-07-13T10:44:07,leasing,VOLKSWAGEN,GOLF,11,0,0.0
2026-07-13T10:44:07,leasing,VOLKSWAGEN,POLO,5,0,0.0
2026-07-13T10:44:07,leasing,VOLKSWAGEN,T-ROC,4,0,0.0
2026-07-13T10:44:07,leasing,VOLKSWAGEN,TAIGO,1,0,0.0
2026-07-13T10:44:07,leasing,VOLKSWAGEN,TIGUAN,3,0,0.0
2026-07-13T10:44:07,leasing,VOLKSWAGEN,TIGUAN ALLSPACE,2,0,0.0
2026-07-13T10:44:07,leasing,VOLKSWAGEN,TOURAN,4,0,0.0
2026-07-13T10:44:07,leasing,VOLKSWAGEN,TRANSPORTER,1,0,0.0
2026-07-13T10:44:07,cash,AUDI,A3 SPORTBACK,7,0,0.0
2026-07-13T10:44:07,cash,AUDI,Q5,1,0,0.0
2026-07-13T10:44:07,cash,BMW,IX1,1,1,1.0
2026-07-13T10:44:07,cash,BMW,IX3,1,1,1.0
2026-07-13T10:44:07,cash,BMW,SERIE 1,11,0,0.0
2026-07-13T10:44:07,cash,BMW,SERIE 2 ACTIVE TOURE,1,0,0.0
2026-07-13T10:44:07,cash,BMW,SERIE 3,1,0,0.0
2026-07-13T10:44:07,cash,BMW,SERIE 4 GC,2,0,0.0
2026-07-13T10:44:07,cash,BMW,X1,11,0,0.0
2026-07-13T10:44:07,cash,BMW,X2,2,0,0.0
2026-07-13T10:44:07,cash,BMW,X3,6,0,0.0
2026-07-13T10:44:07,cash,BMW,X5,1,0,0.0
2026-07-13T10:44:07,cash,CITROEN,BERLINGO,11,0,0.0
2026-07-13T10:44:07,cash,CITROEN,C3,15,0,0.0
2026-07-13T10:44:07,cash,CITROEN,C3 AIRCROSS,9,0,0.0
2026-07-13T10:44:07,cash,CITROEN,C4,3,0,0.0
2026-07-13T10:44:07,cash,CITROEN,C4 SPACETOURER,1,0,0.0
2026-07-13T10:44:07,cash,CITROEN,C5 AIRCROSS,13,0,0.0
2026-07-13T10:44:07,cash,CITROEN,C5 X,5,0,0.0
2026-07-13T10:44:07,cash,CITROEN,E-C4,1,1,1.0
2026-07-13T10:44:07,cash,CITROEN,GRAND C4 SPACETOURER,1,0,0.0
2026-07-13T10:44:07,cash,CITROEN,JUMPER,1,0,0.0
2026-07-13T10:44:07,cash,CITROEN,JUMPY,6,0,0.0
2026-07-13T10:44:07,cash,DACIA,SANDERO,1,0,0.0
2026-07-13T10:44:07,cash,DS,DS3,1,0,0.0
2026-07-13T10:44:07,cash,DS,DS3 CROSSBACK,2,1,0.5
2026-07-13T10:44:07,cash,DS,DS4,1,0,0.0
2026-07-13T10:44:07,cash,DS,DS7,2,0,0.0
2026-07-13T10:44:07,cash,FIAT,500,3,0,0.0
2026-07-13T10:44:07,cash,FORD,KUGA,9,0,0.0
2026-07-13T10:44:07,cash,FORD,PUMA,4,0,0.0
2026-07-13T10:44:07,cash,FORD,TRANSIT CUSTOM,1,0,0.0
2026-07-13T10:44:07,cash,HYUNDAI,IONIQ,1,1,1.0
2026-07-13T10:44:07,cash,HYUNDAI,SANTA FE,1,0,0.0
2026-07-13T10:44:07,cash,HYUNDAI,TUCSON,12,0,0.0
2026-07-13T10:44:07,cash,JEEP,AVENGER,2,2,1.0
2026-07-13T10:44:07,cash,KIA,CEED,6,0,0.0
2026-07-13T10:44:07,cash,KIA,E-NIRO,1,1,1.0
2026-07-13T10:44:07,cash,KIA,NIRO,1,0,0.0
2026-07-13T10:44:07,cash,KIA,NIRO EV,5,5,1.0
2026-07-13T10:44:07,cash,KIA,PICANTO,1,0,0.0
2026-07-13T10:44:07,cash,KIA,PROCEED,1,0,0.0
2026-07-13T10:44:07,cash,KIA,SORENTO,1,0,0.0
2026-07-13T10:44:07,cash,KIA,SPORTAGE,11,0,0.0
2026-07-13T10:44:07,cash,KIA,STONIC,14,0,0.0
2026-07-13T10:44:07,cash,MAZDA,CX-5,1,0,0.0
2026-07-13T10:44:07,cash,MAZDA,MAZDA3,1,0,0.0
2026-07-13T10:44:07,cash,MERCEDES-BENZ,CLA COUPE,1,0,0.0
2026-07-13T10:44:07,cash,MERCEDES-BENZ,CLASSE A,7,0,0.0
2026-07-13T10:44:07,cash,MERCEDES-BENZ,CLASSE CLA,3,0,0.0
2026-07-13T10:44:07,cash,MERCEDES-BENZ,CLASSE GLA,1,0,0.0
2026-07-13T10:44:07,cash,MERCEDES-BENZ,GLB,1,0,0.0
2026-07-13T10:44:07,cash,MINI,COUNTRYMAN,2,0,0.0
2026-07-13T10:44:07,cash,MINI,MINI,2,0,0.0
2026-07-13T10:44:07,cash,NISSAN,LEAF,1,1,1.0
2026-07-13T10:44:07,cash,NISSAN,QASHQAI,10,0,0.0
2026-07-13T10:44:07,cash,NISSAN,X-TRAIL,3,0,0.0
2026-07-13T10:44:07,cash,OPEL,ASTRA,1,0,0.0
2026-07-13T10:44:07,cash,OPEL,CORSA,4,0,0.0
2026-07-13T10:44:07,cash,OPEL,CROSSLAND,3,0,0.0
2026-07-13T10:44:07,cash,OPEL,E-CORSA,1,1,1.0
2026-07-13T10:44:07,cash,OPEL,GRANDLAND,2,0,0.0
2026-07-13T10:44:07,cash,OPEL,GRANDLAND X,1,0,0.0
2026-07-13T10:44:07,cash,PEUGEOT,108,1,0,0.0
2026-07-13T10:44:07,cash,PEUGEOT,2008,33,0,0.0
2026-07-13T10:44:07,cash,PEUGEOT,208,11,0,0.0
2026-07-13T10:44:07,cash,PEUGEOT,3008,55,0,0.0
2026-07-13T10:44:07,cash,PEUGEOT,308,10,0,0.0
2026-07-13T10:44:07,cash,PEUGEOT,308 SW,5,0,0.0
2026-07-13T10:44:07,cash,PEUGEOT,5008,22,0,0.0
2026-07-13T10:44:07,cash,PEUGEOT,E-2008,6,6,1.0
2026-07-13T10:44:07,cash,PEUGEOT,E-208,4,4,1.0
2026-07-13T10:44:07,cash,PEUGEOT,E-308,1,1,1.0
2026-07-13T10:44:07,cash,PEUGEOT,EXPERT,6,0,0.0
2026-07-13T10:44:07,cash,PEUGEOT,PARTNER,10,0,0.0
2026-07-13T10:44:07,cash,RENAULT,ARKANA,15,0,0.0
2026-07-13T10:44:07,cash,RENAULT,AUSTRAL,5,0,0.0
2026-07-13T10:44:07,cash,RENAULT,CAPTUR,24,0,0.0
2026-07-13T10:44:07,cash,RENAULT,CLIO,31,0,0.0
2026-07-13T10:44:07,cash,RENAULT,ESPACE,2,0,0.0
2026-07-13T10:44:07,cash,RENAULT,EXPRESS,24,0,0.0
2026-07-13T10:44:07,cash,RENAULT,KADJAR,2,0,0.0
2026-07-13T10:44:07,cash,RENAULT,KANGOO,3,0,0.0
2026-07-13T10:44:07,cash,RENAULT,KANGOO EXPRESS,1,0,0.0
2026-07-13T10:44:07,cash,RENAULT,MASTER,1,0,0.0
2026-07-13T10:44:07,cash,RENAULT,MEGANE,26,0,0.0
2026-07-13T10:44:07,cash,RENAULT,MEGANE E-TECH,2,2,1.0
2026-07-13T10:44:07,cash,RENAULT,SCENIC,8,0,0.0
2026-07-13T10:44:07,cash,RENAULT,SYMBIOZ,1,0,0.0
2026-07-13T10:44:07,cash,RENAULT,TRAFIC,10,0,0.0
2026-07-13T10:44:07,cash,RENAULT,TWINGO,1,0,0.0
2026-07-13T10:44:07,cash,SEAT,TARRACO,1,0,0.0
2026-07-13T10:44:07,cash,SKODA,FABIA,6,0,0.0
2026-07-13T10:44:07,cash,SKODA,KAMIQ,6,0,0.0
2026-07-13T10:44:07,cash,SKODA,KAROQ,3,0,0.0
2026-07-13T10:44:07,cash,SKODA,KODIAQ,4,0,0.0
2026-07-13T10:44:07,cash,SMART,1,1,1,1.0
2026-07-13T10:44:07,cash,SUZUKI,VITARA,1,0,0.0
2026-07-13T10:44:07,cash,TESLA,MODEL 3,6,6,1.0
2026-07-13T10:44:07,cash,TESLA,MODEL Y,7,7,1.0
2026-07-13T10:44:07,cash,TOYOTA,AYGO X,3,0,0.0
2026-07-13T10:44:07,cash,TOYOTA,C-HR,7,0,0.0
2026-07-13T10:44:07,cash,TOYOTA,COROLLA,4,0,0.0
2026-07-13T10:44:07,cash,TOYOTA,COROLLA TS,10,0,0.0
2026-07-13T10:44:07,cash,TOYOTA,PROACE CITY,1,0,0.0
2026-07-13T10:44:07,cash,TOYOTA,RAV4 HSD,4,0,0.0
2026-07-13T10:44:07,cash,TOYOTA,RAV4 PLUG IN,5,0,0.0
2026-07-13T10:44:07,cash,TOYOTA,YARIS,4,0,0.0
2026-07-13T10:44:07,cash,TOYOTA,YARIS CROSS,2,0,0.0
2026-07-13T10:44:07,cash,TOYOTA,YARIS HYBRID,2,0,0.0
2026-07-13T10:44:07,cash,VOLKSWAGEN,GOLF,12,0,0.0
2026-07-13T10:44:07,cash,VOLKSWAGEN,POLO,5,0,0.0
2026-07-13T10:44:07,cash,VOLKSWAGEN,T-ROC,6,0,0.0
2026-07-13T10:44:07,cash,VOLKSWAGEN,TAIGO,2,0,0.0
2026-07-13T10:44:07,cash,VOLKSWAGEN,TIGUAN,4,0,0.0
2026-07-13T10:44:07,cash,VOLKSWAGEN,TIGUAN ALLSPACE,4,0,0.0
2026-07-13T10:44:07,cash,VOLKSWAGEN,TOURAN,4,0,0.0
2026-07-13T10:44:07,cash,VOLKSWAGEN,TRANSPORTER,1,0,0.0
